study_ID,long_cite,doi,dataset
baldwin_1992,"Baldwin, D. A. (1992). Clarifying the role of shape in children's taxonomic assumption. Journal of experimental child psychology, 54(3), 392-416.",10.1016/0022-0965(92)90027-4,Categorization Bias
bauer_1989,"Bauer, P. J., & Mandler, J. M. (1989). Taxonomies and triads: Conceptual organization in one-to two-year-olds. Cognitive Psychology, 21(2), 156-184.",10.1016/0010-0285(89)90006-6,Categorization Bias
greenfield_1986,"Greenfield, D. B., & Scott, M. S. (1986). Young children's preference for complementary pairs: Evidence against a shift to a taxonomic preference. Developmental Psychology, 22(1), 19.",10.1037/0012-1649.22.1.19,Categorization Bias
sachs_2008,"Sachs, O., Weis, S., Krings, T., Huber, W., & Kircher, T. (2008). Categorical and thematic knowledge representation in the brain: Neural correlates of taxonomic and thematic conceptual relations. Neuropsychologia, 46(2), 409-418.",10.1016/j.neuropsychologia.2007.08.015,Categorization Bias
markman_1984,"Markman, E. M., & Hutchinson, J. E. (1984). Children's sensitivity to constraints on word meaning: Taxonomic versus thematic relations. Cognitive psychology, 16(1), 1-27.",10.1016/0010-0285(84)90002-1,Categorization Bias
waxman_1993,"Waxman, S. R., & Hall, D. G. (1993). The development of a linkage between count nouns and object categories: evidence from fifteen‰Ûêto twenty‰Ûêone‰Ûêmonth‰Ûêold infants. Child development, 64(4), 1224-1241.",10.2307/1131336,Categorization Bias
waxman_1997,"Waxman, S. R., & Namy, L. L. (1997). Challenging the notion of a thematic preference in young children. Developmental Psychology, 33(3), 555.",10.1037/0012-1649.33.3.555,Categorization Bias
nguyen_2003,"Nguyen, S. P., & Murphy, G. L. (2003). An Apple is More Than Just a Fruit: Cross‰ÛêClassification in Children's Concepts. Child development, 74(6), 1783-1806.",10.1046/j.1467-8624.2003.00638.x,Categorization Bias
lucariello_1992,"Lucariello, J., Kyratzis, A., & Nelson, K. (1992). Taxonomic knowledge: What kind and when?. Child development, 63(4), 978-998.",10.2307/1131248,Categorization Bias
bedford2012,"Bedford, R., Elsabbagh, M., Gliga, T., Pickles, A., Senju, A., Charman, T., & Johnson, M. H. (2012). Precursors to social and communication difficulties in infants at-risk for autism: gaze following and attentional engagement. Journal of autism and developmental disorders, 42(10), 2208-2218.",10.1007/s10803-012-1450-y,Gaze following
brooks2008,"Brooks, R., & Meltzoff, A. N. (2008). Infant gaze following and pointing predict accelerated vocabulary growth through two years of age: A longitudinal, growth curve modeling study. Journal of child language, 35(01), 207-220.",10.1017/S030500090700829X,Gaze following
butler2009,"Butler, S. C., Caron, A. J., & Brooks, R. (2000). Infant understanding of the referential nature of looking. Journal of Cognition and Development, 1(4), 359-377.",10.1207/S15327647JCD0104_01,Gaze following
caron2002,"Caron, A. J., Butler, S., & Brooks, R. (2002). Gaze following at 12 and 14 months: Do the eyes matter?. British Journal of Developmental Psychology,20(2), 225-239.",10.1348/026151002166424,Gaze following
degroote2007,"De Groote, I., Roeyers, H., & Striano, T. (2007). Gaze following as a function of affective expression in 3-, 6-and 9-month-old infants. Infant Behavior and Development, 30(3), 492-498.",10.1016/j.infbeh.2006.12.009,Gaze following
delgado2002,"Delgado, C. E., Mundy, P., Crowson, M., Markus, J., Yale, M., & Schwartz, H. (2002). Responding to Joint Attention and Language DevelopmentA Comparison of Target Locations. Journal of Speech, Language, and Hearing Research, 45(4), 715-719.",10.1044/1092-4388(2002/057),Gaze following
markus2000,"Markus, J., Mundy, P., Morales, M., Delgado, C. E., & Yale, M. (2000). Individual differences in infant skills as predictors of child_Œá¬caregiver joint attention and language. Social Development, 9(3), 302-315.",10.1111/1467-9507.00127,Gaze following
morales2000b,"Morales, M., Mundy, P., Delgado, C. E., Yale, M., Messinger, D., Neal, R., & Schwartz, H. K. (2000). Responding to joint attention across the 6-through 24-month age period and early language acquisition. Journal of applied developmental psychology, 21(3), 283-298.",10.1016/S0193-3973(99)00040-4,Gaze following
mundy1998,"Mundy, Peter, and Antoinette Gomes. ""Individual differences in joint attention skill development in the second year."" Infant behavior and development 21.3 (1998): 469-482.",10.1016/S0163-6383(98)90020-0,Gaze following
mundy2003,"Mundy, P., Fox, N., & Card, J. (2003). EEG coherence, joint attention and language development in the second year. Developmental Science, 6(1), 48-54.",10.1111/1467-7687.00253,Gaze following
mundy2007,"Mundy, P., Block, J., Delgado, C., Pomares, Y., Van Hecke, A. V., & Parlade, M. V. (2007). Individual differences and the development of joint attention in infancy. Child development, 78(3), 938-954.",10.1111/j.1467-8624.2007.01042.x,Gaze following
morales2000a,"Morales, M., Mundy, P., Delgado, C. E., Yale, M., Neal, R., & Schwartz, H. K. (2000). Gaze following, temperament, and language development in 6-month-olds: A replication and extension. Infant Behavior and Development,23(2), 231-236.",10.1016/S0163-6383(01)00038-8,Gaze following
Glenn1983,"Glenn, S. M., & Cunningham, C. C. (1983). What do ba- bies listen to most? A developmental study of auditory preferences in nonhandicapped infants and infants with Down's syndrome. Developmental Psychology, 19, 332- 337.",https://doi.org/10.1037/0012-1649.19.3.332,Infant directed speech preference
Cooper1997,"Cooper, R. P., Abraham, J., Berman, S., & Staska, M. (1997). The development of infants' preference for motherese. Infant Behavior and Development, 20, 477-488.",https://doi.org/10.1016/S0163-6383(97)90037-0,Infant directed speech preference
Cooper1990,"Cooper, R. P., & Aslin, R. N. (1990). Preference for infant- directed speech in the first month after birth. Child De- velopment, 61, 1584-1595.",https://doi.org/10.2307/1130766,Infant directed speech preference
Cooper1994,"Cooper, R. P., & Aslin, R. N. (1994). Developmental dif- ferences in infant attention to the spectral properties of infant-directed speech. Child Development, 65, 1663- 1677.",https://doi.org/10.2307/1131286,Infant directed speech preference
Fernald1985,"Fernald, A. (1985). Four-month-old infants prefer to listen to motherese. Infant Behavior and Development, 8, 181- 195.",https://doi.org/10.1016/S0163-6383(85)80005-9,Infant directed speech preference
Fernald1987,"Fernald, A., & Kuhl, P. K. (1987). Acoustic determinants of infant preference for motherese speech. Infant Behavior and Development, 10, 279-293.",https://doi.org/10.1016/0163-6383(87)90017-8,Infant directed speech preference
Kaplan1995a,"Kaplan, P. S., Goldstein, M. H., Huckeby, E. R., & Cooper, R. P. (1995). Habituation, sensitization, and infants' re- sponses to motherese speech. Developmental Psychobiol- ogy, 28, 45-57.",https://doi.org/10.1002/dev.420280105,Infant directed speech preference
Kaplan1995b,"aplan, P. S., Goldstein, M. H., Huckeby, E. R., Owren, M. J., & Cooper, R. P. (1995). Dishabituation of visual at- tention by infant- versus adult-directed speech: Effects of frequency modulation and spectral composition. In- fant Behavior and Development, 18, 209-223.",https://doi.org/10.1016/0163-6383(95)90050-0,Infant directed speech preference
Pegg1989,"Pegg, J. E., Werker, J. F., & McLeod, P. J. (1989, April). In- fants discriminate between adult directed and infant di- rected talk in both males and females. Paper presented at the biennial meeting of the Society for Research in Child Development, Kansas City, MO. (ERIC Docu- ment Reproduction Service No. ED306007).",NA,Infant directed speech preference
Pegg1992,"Pegg, J. E., Werker, J. F., & McLeod, P. J. (1992). Preference for infant-directed over adult-directed speech: Evidence from 7-week-old infants. Infant Behavior and Develop- ment, 15, 325-345",https://doi.org/10.1016/0163-6383(92)80003-D,Infant directed speech preference
Schachner2011,"Schachner, A., & Hannon, E. E. (2011). Infant-directed speech drives social preferences in 5-month-old infants. Developmental Psychology, 47, 19-25.",https://doi.org/10.1037/a0020740,Infant directed speech preference
Singh2002,"Singh, L., Morgan, J. L., & Best, C. T. (2002). Infants' lis- tening preferences: Baby talk or happy talk? Infancy, 3, 365-394.",https://doi.org/10.1207/S15327078IN0303_5,Infant directed speech preference
Singh2009,"Singh, L., Nestor, S., Parikh, C., & Yull, A. (2009). Influences of infant-directed speech on early word recognition. In- fancy, 14, 654-666",https://doi.org/10.1080/15250000903263973,Infant directed speech preference
Trainor1996,"Trainor, L. J. (1996). Infant preferences for infant-directed versus noninfant-directed playsongs and lullabies. In- fant Behavior and Development, 19, 83-92.",https://doi.org/10.1016/S0163-6383(96)90046-6,Infant directed speech preference
Werker1989,"Werker, J. F., & McLeod, P. J. (1989). Infant preference for both male and female infant-directed talk: A develop- mental study of attentional and affective responsiveness. Canadian Journal of Psychology, 43, 230-246.",https://doi.org/10.1037/h0084224,Infant directed speech preference
Werker1994,"Werker, J. F., Pegg, J. E., & McLeod, P. J. (1994). A cross- language investigation of infant preference for infant-di- rected communication. Infant Behavior and Development, 17, 323-333. doi:10.1016/0163-6383(94)90012-4",https://doi.org/10.1016/0163-6383(94)90012-4,Infant directed speech preference
balaban1997,"Balaban, M. T., & Waxman, S. R. (1997). Do words facilitate object categorization in 9-month-old infants?. Journal of experimental child psychology, 64(1), 3-26.",10.1006/jecp.1996.2332,Label advantage in concept learning
fulkerson2003,"Fulkerson, A. L., & Haaf, R. A. (2003). The influence of labels, non-labeling sounds, and source of auditory input on 9-and 15-month-olds' object categorization. Infancy, 4(3), 349-369.",10.1207/S15327078IN0403_03,Label advantage in concept learning
ferry2010,"Ferry, A. L., Hespos, S. J., & Waxman, S. R. (2010). Categorization in 3-and 4-month-old infants: an advantage of words over tones. Child development, 81(2), 472-479.",10.1111/j.1467-8624.2009.01408.x,Label advantage in concept learning
fulkerson2007,"Fulkerson, A. L., & Waxman, S. R. (2007). Words (but not tones) facilitate object categorization: Evidence from 6-and 12-month-olds. Cognition, 105(1), 218-228.",10.1016/j.cognition.2006.09.005,Label advantage in concept learning
ferry2013,"Ferry, A. L., Hespos, S. J., & Waxman, S. R. (2013). Nonhuman primate vocalizations support categorization in very young human infants. Proceedings of the National Academy of Sciences, 110(38), 15231-15235.",10.1073/pnas.1221166110,Label advantage in concept learning
althaus2015,"Althaus, N., & Plunkett, K. (2015). Timing matters: The impact of label synchrony on infant categorisation. Cognition, 139, 1-9.",10.1016/j.cognition.2015.02.004,Label advantage in concept learning
waxman1999,"Waxman, S. R. (1999). Specifying the scope of 13-month-olds' expectations for novel words. Cognition, 70(3), B35-B50.",10.1016/S0010-0277(99)00017-7,Label advantage in concept learning
waxman2003,"Waxman, S., & Booth, A. (2003). The origins and evolution of links between word learning and conceptual organization: new evidence from 11-month-olds.Developmental Science, 6(2), 128-135.",10.1111/1467-7687.00262,Label advantage in concept learning
robinson2007,"Robinson, C. W., & Sloutsky, V. M. (2007). Linguistic labels and categorization in infancy: do labels facilitate or hinder?. Infancy, 11(3), 233-253.",10.1111/j.1532-7078.2007.tb00225.x,Label advantage in concept learning
fulkerson2006,"Fulkerson, A. L., & Haaf, R. A. (2006). Does object naming aid 12-month-olds' formation of novel object categories?. First Language, 26(4), 347-361.",10.1177/0142723706059217,Label advantage in concept learning
deng2015,"Deng, W. & Sloutsky, V. M. (2015). Linguistic labels, dynamic visual features, and attention in infant category learning. Journal of experimental child psychology, 134, 62-77.",10.1016/j.jecp.2015.01.012,Label advantage in concept learning
waxman2005,"Waxman, S. R., & Braun, I. (2005). Consistent (but not variable) names as invitations to form object categories: new evidence from 12-month-old infants.Cognition, 95(3), B59-B68.",10.1016/j.cognition.2004.09.003,Label advantage in concept learning
booth2003,"Booth, A. E., & Waxman, S. R. (2003). Mapping words to the world in infancy: Infants' expectations for count nouns and adjectives. Journal of Cognition and Development, 4(3), 357-381.",10.1207/S15327647JCD0403_06,Label advantage in concept learning
booth2002,"Booth, A. E., & Waxman, S. (2002). Object names and object functions serve as cues to categories for infants. Developmental psychology, 38(6), 948.",10.1037/0012-1649.38.6.948,Label advantage in concept learning
ferguson2016,"Ferguson, B., & Waxman, S. R. (2016). What the [beep]? Six-month-olds link novel communicative signals to meaning. Cognition, 146, 185-189.",10.1016/j.cognition.2015.09.020,Label advantage in concept learning
waxman2001,"Waxman, S. R., & Booth, A. E. (2001). Seeing pink elephants: Fourteen-month-olds' interpretations of novel nouns and adjectives. Cognitive psychology, 43(3), 217-242.",10.1006/cogp.2001.0764,Label advantage in concept learning
bion2013,"Bion, R. A., Borovsky, A., & Fernald, A. (2013). Fast mapping, slow learning: Disambiguation of novel word‰ÛÒobject mappings in relation to vocabulary learning at 18, 24, and 30months. Cognition, 126(1), 39-53.",10.1016/j.cognition.2012.08.008,Mutual exclusivity
byers2009,"Byers‰ÛêHeinlein, K., & Werker, J. F. (2009). Monolingual, bilingual, trilingual: infants' language experience influences the development of a word‰Ûêlearning heuristic. Developmental science, 12(5), 815-823.",10.1111/j.1467-7687.2009.00902.x,Mutual exclusivity
evey1998,"Evey, J. A., & Merriman, W. E. (1998). The prevalence and the weakness of an early name mapping preference. Journal of child language, 25(1), 121-147.",10.1017/S030500099700336X,Mutual exclusivity
frank2015,"Frank, M. C., Sugarman, E., Horowitz, A., Lewis, M. L., & Yurovsky, D. (2016). Using tablets to collect data from young children. Journal of Cognition and Development,17(1), 1-17.",10.1080/15248372.2015.1061528,Mutual exclusivity
graham1998,"Graham, S. A., Poulin-Dubois, D., & Baker, R. K. (1998). Infants' disambiguation of novel object words. First Language, 18(53), 149-164.",10.1177/014272379801805302,Mutual exclusivity
graham2009,"Graham, S. A., Nilsen, E. S., Collins, S., & Olineck, K. (2010). The role of gaze direction and mutual exclusivity in guiding 24‰Ûêmonth‰Ûêolds' word mappings.British Journal of Developmental Psychology, 28(2), 449-465.",10.1348/026151009X424565,Mutual exclusivity
grassman2010,"Grassmann, S., & Tomasello, M. (2010). Young children follow pointing over words in interpreting acts of reference. Developmental Science, 13(1), 252-263.",10.1111/j.1467-7687.2009.00871.x,Mutual exclusivity
halberda2003,"Halberda, J. (2003). The development of a word-learning strategy. Cognition,87(1), B23-B34.",10.1016/S0010-0277(02)00186-5,Mutual exclusivity
halberda2006,"Halberda, J. (2006). Is this a dax which I see before me? Use of the logical argument disjunctive syllogism supports word-learning in children and adults.Cognitive psychology, 53(4), 310-344.",10.1016/j.cogpsych.2006.04.003,Mutual exclusivity
horst2008,"Horst, J. S., & Samuelson, L. K. (2008). Fast mapping but poor retention by 24-month-old infants. Infancy, 13(2), 128-157.",10.1080/15250000701795598,Mutual exclusivity
lederberg2000,"Lederberg, A. R., Prezbindowski, A. K., & Spencer, P. E. (2000). Word‰ÛêLearning Skills of Deaf Preschoolers: The Development of Novel Mapping and Rapid Word‰ÛêLearning Strategies. Child development, 71(6), 1571-1585.",10.1111/1467-8624.00249,Mutual exclusivity
markman1988,"Markman, E. M., & Wachtel, G. F. (1988). Children's use of mutual exclusivity to constrain the meanings of words. Cognitive psychology, 20(2), 121-157.",10.1016/0010-0285(88)90017-5,Mutual exclusivity
markman2003,"Markman, E. M., Wasow, J. L., & Hansen, M. B. (2003). Use of the mutual exclusivity assumption by young word learners. Cognitive psychology, 47(3), 241-275.",10.1016/S0010-0285(03)00034-3,Mutual exclusivity
mather2009,"Mather, E., & Plunkett, K. (2009). Learning words over time: The role of stimulus repetition in mutual exclusivity. Infancy, 14(1), 60-76.",10.1080/15250000802569702,Mutual exclusivity
merriman1989,"Merriman, W. E., Bowman, L. L., & MacWhinney, B. (1989). The mutual exclusivity bias in children's word learning. Monographs of the society for research in child development, i-129.",10.2307/1166130,Mutual exclusivity
merriman1991,"Merriman, W. E., & Schuster, J. M. (1991). Young children's disambiguation of object name reference. Child development, 62(6), 1288-1301.",10.2307/1130807,Mutual exclusivity
merriman1993,"Merriman, W. E., Marazita, J., & Jarvis, L. H. (1993). Four-Year-Olds‰Û_ Disambiguation of Action and Object Word Reference. Journal of Experimental Child Psychology, 56(3), 412-430.",10.1006/jecp.1993.1042,Mutual exclusivity
momen2002,"Momen, N., & Merriman, W. E. (2002). Two-year-olds' expectation that lexical gaps will be filled*. First Language, 22(3), 225-247.",10.1177/014272370202206601,Mutual exclusivity
spiegel2011,"Spiegel, C., & Halberda, J. (2011). Rapid fast-mapping abilities in 2-year-olds.Journal of experimental child psychology, 109(1), 132-140.",10.1016/j.jecp.2010.10.013,Mutual exclusivity
white2008,"White, K. S., & Morgan, J. L. (2008). Sub-segmental detail in early lexical representations. Journal of Memory and Language, 59(1), 114-132.",10.1016/j.jml.2008.03.001,Mutual exclusivity
fernald2006,"Fernald, A., Perfors, A., & Marchman, V. A. (2006). Picking up speed in understanding: Speech processing efficiency and vocabulary growth across the 2nd year._Developmental psychology,_42(1), 98.",10.1037/0012-1649.42.1.98,Online word recognition
fernald2012,"Fernald, A. & Marchman, V. A. (2012). Individual differences in lexical processing at 18 months predict vocabulary growth in typically-developing and late-talking toddlers._Child Development, 83, 203-222.",10.1111/j.1467-8624.2011.01692.x,Online word recognition
fernald2013,"Fernald, A., Marchman, V. A., & Weisleder, A. (2013). SES differences in language processing skill and vocabulary are evident at 18 months.Developmental science,_16(2), 234-248.",10.1111/desc.12019,Online word recognition
fernald2006b,"Fernald, A., & Hurtado, N. (2006). Names in frames: infants interpret words in sentence frames faster than words in isolation._Developmental Science,_9(3), F33_F40. http://doi.org/10.1111/j.1467-7687.2006.00482.x",10.1111/j.1467-7687.2006.00482.x,Online word recognition
hurtado2007,"Hurtado, N., Marchman, V. A., & Fernald, A. (2007). Spoken word recognition by Latino children learning Spanish as their first language.Journal of Child Language,_34(02), 227-249.",10.1017/S0305000906007896,Online word recognition
zangl2005,"Zangl, R., Klarman, L., Thal, D., Fernald, A., & Bates, E. (2005). Dynamics of word comprehension in infancy: Developments in timing, accuracy, and resistance to acoustic degradation._Journal of Cognition and Development,6(2), 179-208.",10.1207/s15327647jcd0602_2,Online word recognition
1001,"Chambers, K., Onishi, K. H., & Fisher, C. (2003). Infants learn phonotactic regularities from brief auditory experience. Cognition, 87, B69‰ÛÒB77.",10.1016/s0010-0277(02)00233-0,Phonotactic learning
1002,"Chambers, K. E., Onishi, K. H., & Fisher, C. (2011). Representations for phonotactic learning in infancy. Language Learning & Development, 7, 287‰ÛÒ308.",10.1080/15475441.2011.580447,Phonotactic learning
1003,"Cristia, A. (2006). Speech sound categories in language acquisition & learning. Unpublished Masters of Arts Thesis, Purdue University.",NA,Phonotactic learning
1004,"Cristia, A., & Seidl, A. (2008). Is infants‰Ûª learning of sound patterns con- strained by phonological features? Language Learning & Development, 5, 203‰ÛÒ227.",10.1080/15475440802143109,Phonotactic learning
1005,"Cristia, A., Seidl, A. & Francis, A. (2011a). Phonological features in infancy. In Where do phonological contrasts come from? Cognitive, physical & developmental bases of phonological features, ed. G. Nick Clements & Rachid Ridouane, 303‰ÛÒ326. John Benjamins.",NA,Phonotactic learning
1006,"Cristia, A. & Peperkamp, S. (2012). Generalizing without encoding specifics: Infants infer phonotactic patterns on sound classes. BUCLD Proceedings, 36, 126-138.",NA,Phonotactic learning
1007,"Seidl, A., & Buckley, E. (2005). On the learning of arbitrary phonological rules. Language Learning & Development 1:289‰ÛÒ316.",10.1080/15475441.2005.9671950,Phonotactic learning
1008,"Seidl, A., Cristia, A., Onishi, K. H., & Bernard, A. (2009). Allophonic & phonemic contrasts in infants learning of sound patterns. Language Learning & Development, 5, 191‰ÛÒ202.",10.1080/15475440902754326,Phonotactic learning
1009,"Seidl, A., Cristia, A., & Onishi, K.H. (2014). Talker variation aids young infants' phonotactic learning. Language Learning & Development, 10(4), 297-307",10.1080/15475441.2013.858575,Phonotactic learning
1010,"Wang, Y. & Seidl, A.  (2014). The Learnability of Phonotactic Patterns in Onset & Coda Positions, Language Learning & Development, DOI: 10.1080/15475441.2013.876270",10.1080/15475441.2013.876270,Phonotactic learning
1011,"Cristia, A. (2015). Infants‰Ûª ability to learn novel sound patterns changes with age. Unpublished manuscript, available from https://drive.google.com/open?id=0B-h5920hdkyhNFo4Rmc4Y1Noajg.",NA,Phonotactic learning
1012,"Cristia, A., Seidl, A., & Gerken, L. (2011b). Young infants learn sound patterns involving unnatural sound classes. University of Pennsylvania Working Papers in Linguistics, 17, 9.",NA,Phonotactic learning
1099,Anonymized (2016),NA,Phonotactic learning
1052,"Gerken, L., & Knight, S. (2015). Infants generalize from just (the right) four words. Cognition, 143, 187-192.",10.1016/j.cognition.2015.04.018,Phonotactic learning
1053,"Gerken, L.A., & Quam, C. (2016). Infant Learning is Influenced by Local Spurious Generalizations. Developmental Science",10.1111/desc.12410,Phonotactic learning
bates1979,"Bates, E., Benigni, L., Bretherton, I., Camaioni, L., & Volterra, V. (1979). The emergence of symbols: Cognition and communication in infancy. New York: Academic Press.",NA,Pointing and vocabulary (concurrent)
dobrich1984,"Dobrich, W., & Scarborough, S. (1984). Form and function in early communication: Language and pointing gestures. Journal of Experimental Child Psychology, 38, 475‰ÛÒ490.",10.1016/0022-0965(84)90090-0,Pointing and vocabulary (concurrent)
fasolo2002,"Fasolo, M., & D‰ÛªOdorico, L. (2002). Comunicazione gestuale nei bambini con sviluppo del linguaggio rallentato: una ricerca longitudinale. Psicologia Clinica dello Sviluppo, 1, 119‰ÛÒ138.",NA,Pointing and vocabulary (concurrent)
franco2001,"Franco, F., & Gagliano, A. (2001). Toddlers‰Ûª pointing when joint attention is obstructed. First Language, 21, 289‰ÛÒ321.",10.1177/014272370102106305,Pointing and vocabulary (concurrent)
harris1995,"Harris, M., Barlow-Brown, F., & Chasin, J. (1995). The emergence of referential understanding: Pointing and the comprehension of object names. First Language, 15, 19‰ÛÒ34",10.1177/014272379501500101,Pointing and vocabulary (concurrent)
locke2007,"Locke, J. L. (2007). Bimodal signaling in infancy: motor behavior, reference, and the evolution of spoken language. Interaction Studies, 8, 159‰ÛÒ175.",https://doi.org/10.1075/is.8.1.11loc,Pointing and vocabulary (concurrent)
morales2000,"Morales, M., Mundy, P., Delgado, C. E. F., Yale, M., Messinger, D., Neal, R., et al (2000). Responding to joint attention across the 6- through 24-month age period and early language acquisition. Journal of Applied Developmental Psychology, 21, 283‰ÛÒ298.",10.1016/S0193-3973(99)00040-4,Pointing and vocabulary (concurrent)
mundy1998,"Mundy, P., & Gomes, A. (1998). Individual differences in joint attention skill development in the second year. Infant Behavior and Development, 21, 469‰ÛÒ482",10.1016/s0163-6383(98)90020-0,Pointing and vocabulary (concurrent)
murphy1978,"Murphy, C. M. (1978). Pointing in the context of a shared activity. Child Development, 49, 371‰ÛÒ380",10.2307/1128700,Pointing and vocabulary (concurrent)
rodrigo2006,"Rodrigo, M. J., GonzÌÁlez, A., Ato, M., RodrÌ_guez, G., De Vega, M., & MuÌ±etÌ_n, M. (2006). Co-development of child‰ÛÒmother gestures over the second and third years. Infant and Child Development, 15, 1‰ÛÒ17.",10.1002/icd.412,Pointing and vocabulary (concurrent)
rowe2000,"Rowe, M. L. (2000). Pointing and talk by low-income mothers and their 14-month-old children. First Language, 20, 305‰ÛÒ330",10.1177/014272370002006005,Pointing and vocabulary (concurrent)
rowe2008,"Rowe, M. L., & Goldin-Meadow, S. (2008). Differences in early gesture explain SES disparities in child vocabulary size at school entry. Science, 323, 951‰ÛÒ953.",https://doi.org/10.1126/science.1167025,Pointing and vocabulary (concurrent)
aureli2008,"Aureli, T., Perucchini, P., Palazzo, A. (2008). The development of pointing from 9 to 15 months of age in imperative and declarative contexts: relationships with actions and language. In: Poster presented at the XVIth biennial international conference on infant studies, Vancouver, Canada, 27‰ÛÒ29 March.",NA,Pointing and vocabulary (longitudinal)
bates1979,"Bates, E., Benigni, L., Bretherton, I., Camaioni, L., & Volterra, V. (1979). The emergence of symbols: Cognition and communication in infancy. New York: Academic Press.",NA,Pointing and vocabulary (longitudinal)
blake2003,"Blake, J., Osborne, P., Cabral, M., & Gluck, P. (2003). The development of communicative gestures in Japanese infants. First Language, 23, 3‰ÛÒ20.",10.1177/0142723703023001001,Pointing and vocabulary (longitudinal)
brooks2008,"Brooks, R., & Meltzoff, A. N. (2008). Infant gaze following and pointing predict accelerated vocabulary growth through two years of age: A longitudinal, growth curve modeling study. Journal of Child Language, 35, 207‰ÛÒ220.",10.1017/S030500090700829X,Pointing and vocabulary (longitudinal)
butterworth1996,"Butterworth, G. E., & Morissette, P. (1996). Onset of pointing and the acquisition of language in infancy. Journal of Reproductive and Infant Psychology, 14, 219‰ÛÒ231.",10.1080/02646839608404519,Pointing and vocabulary (longitudinal)
camaioni1991,"Camaioni, L., Caselli, M. C., Longobardi, E., & Volterra, V. (1991). A parent report instrument for early language assessment. First Language, 11, 345‰ÛÒ359.",10.1177/014272379101103303,Pointing and vocabulary (longitudinal)
carpenter1998,"Carpenter, M., Nagell, K., & Tomasello, M. (1998). Social cognition, joint attention and communicative competence from 9 to 15 months of age. Monographs of the Society for Research in Child Development, 63, 1‰ÛÒ176.",10.2307/1166214,Pointing and vocabulary (longitudinal)
colonnesi2008,"Colonnesi, C., Rieffe, C., Koops, W., & Perucchini, P. (2008). Precursors of theory of mind. A longitudinal study. British Journal of Developmental Psychology, 26, 561‰ÛÒ577.",https://doi.org/10.1348/026151008X285660,Pointing and vocabulary (longitudinal)
delgado2002,"Delgado, C. E. F., Mundy, P., Crowson, M., Markus, J., Yale, M., & Schwartz, H. K. (2002). Responding to joint attention and language development: A comparison of target locations. Journal of Speech, Language, and Hearing Research, 45, 1715‰ÛÒ1719.",NA,Pointing and vocabulary (longitudinal)
desrochers1995,"Desrochers, S., Morissette, P., & Ricard, M. (1995). Two perspectives on pointing in infancy. In P. J. Dunham & C. Moore (Eds.), Joint attention: It‰Ûªs origins and role in development (pp. 85‰ÛÒ101). Hillsdale, NJ: Lawrence Erlbaum Associates.",NA,Pointing and vocabulary (longitudinal)
fasolo2002,"Fasolo, M., & D‰ÛªOdorico, L. (2002). Comunicazione gestuale nei bambini con sviluppo del linguaggio rallentato: una ricerca longitudinale. Psicologia Clinica dello Sviluppo, 1, 119‰ÛÒ138.",NA,Pointing and vocabulary (longitudinal)
markus2000,"Markus, J., Mundy, P., Morales, M. M., Delgado, C. E. F., & Yale, M. (2000). Individual difference in infant skill as predictors of child‰ÛÒcaregiver joint attention and language. Social Development, 9, 302‰ÛÒ315.",10.1111/1467-9507.00127,Pointing and vocabulary (longitudinal)
morales2000,"Morales, M., Mundy, P., Delgado, C. E. F., Yale, M., Messinger, D., Neal, R., et al (2000). Responding to joint attention across the 6- through 24-month age period and early language acquisition. Journal of Applied Developmental Psychology, 21, 283‰ÛÒ298.",10.1016/S0193-3973(99)00040-4,Pointing and vocabulary (longitudinal)
mundy1998,"Mundy, P., & Gomes, A. (1998). Individual differences in joint attention skill development in the second year. Infant Behavior and Development, 21, 469‰ÛÒ482",10.1016/s0163-6383(98)90020-0,Pointing and vocabulary (longitudinal)
mundy2003,"Mundy, P., Fox, N. A., & Card, J. (2003). EEG coherence, joint attention and language development in the second year. Developmental Science, 6, 48‰ÛÒ54.",10.1111/1467-7687.00253,Pointing and vocabulary (longitudinal)
mundy2007,"Mundy, P., & Gomes, A. (1998). Individual differences in joint attention skill development in the second year. Infant Behavior and Development, 21, 469‰ÛÒ482",10.1016/s0163-6383(98)90020-0,Pointing and vocabulary (longitudinal)
perucchini2005,"Perucchini, P., Plescia, F. (2005). Profiles in declarative/imperative pointing and early language acquisition. Research presented at IASCL in Berlin.",NA,Pointing and vocabulary (longitudinal)
rowe2008,"Rowe, M. L., & Goldin-Meadow, S. (2008). Differences in early gesture explain SES disparities in child vocabulary size at school entry. Science, 323, 951‰ÛÒ953.",https://doi.org/10.1126/science.1167025,Pointing and vocabulary (longitudinal)
Maurer2006,"Maurer, D., Pathman, T., & Mondloch, C. J. (2006). The shape of boubas: sound-shape correspondences in toddlers and adults. Developmental Science, 9(3), 316-322. doi: 10.1111/j.1467-7687.2006.00495.x",10.1111/j.1467-7687.2006.00495.x,Sound symbolism
Ozturk2013,"Ozturk, O., Krehm, M.,& Vouloumanos, A. (2013). Sound symbolism in infancy:Evidence for Sound-Shape cross-modal correspondences in 4-month-olds. Journal of Experimental Child Psychology, 114, 173-186. doi: 10.1016/j.jecp.2012.05.004",10.1016/j.jecp.2012.05.004,Sound symbolism
Spector2013,"Spector, F.,  & Maurer, D. (2013) Early sound symbolism for vowel sounds. I-perception, 4, 239-241. doi: dx.doi.org/10.1068/i0535",10.1068/i0535,Sound symbolism
Fort2013,"Fort, M., Weiss, A., Martin, A., & Peperkamp, S. (2013).  Looking for the bouba-kiki effect in prelexical infants. In: S. Ouni, F. Berthommier & A. Jesse (eds.) Proceedings of the 12th International Conference on Auditory-Visual Speech Processing. INRIA, 71-76. [show abstract]",NA,Sound symbolism
Fort2015,"Fort, M., Guevara-Rukoz, A., & Peperkamp, S. (2015). Looking for the bouba-kiki effect II: null results from 4-month-old French infants",NA,Sound symbolism
Asano2015,"Asano, M., Imai, M., Kita, S., Kitajo, K. Okada, H., & Thierry, G. (2015). Sound symbolism scaffolds language development in preverbal infants. Cortex 63. 196-205. doi: http://dx.doi.org/10.1016/j.cortex.2014.08.025",10.1016/j.cortex.2014.08.025,Sound symbolism
Lammertink2015,"Lammertink, I., Tsuji, S., Usen, van, K., & Fikkert, P. (unpublished). Sensitivity to the Bouba-kiki effect arises late in Dutch children: evidence from eye-tracking.",NA,Sound symbolism
Imai2015,"Imai, M., Miyazaki, M., Yeung, H. H., Hidaka, S., Kantartzis, K., Okada, H., & Kita, S. (2015). Sound Symbolism Facilitates Word Learning in 14-Month-Olds. PLoS One, 10(2): 30116494. doi: 10.1371/journal.pone.0116494",10.1371/journal.pone.0116494,Sound symbolism
Ariel2012,"Starr, A., & Brennon, E.M. (2012). Sound-shape congruency in preverbal infants. Poster presented at biennial meeting of the International Society for Infant studies. Minneapolis, MN.",NA,Sound symbolism
Pejovic2015,"Pejovic, J., Molnar, M., Yee, E. & Martin, M. (June 10-12, 2015). Development of the sound-shape correspondence effect. Poster presented at Workshop on Infant Language Development (WILD 2015), Stockholm, Sweden.",NA,Sound symbolism
Spector2009,"Spector, F. (2009). The colours and shapes of the world: Testing predictions from synesthesia about the development of sensory associations (Unpublished doctoral dissertation). McMaster University, Hamilton, Ontario.",NA,Sound symbolism
capel2011,"Capel, D. J. H., De Bree, E. H., De Klerk, M. A., Kerkhoff, A. O., and Wijnen, F. N. K. (2011). Distributional cues affect phonetic discrimination in Dutch infants. Sound and sounds. Studies presented to MEH (Bert) Schouten on the occasion of his 65th birthday. Utrecht: UiL-OTS, 33-43.",NA,Statistical sound category learning
fennell2012,"Fennell, C. T., Hudon, T. and Spring, M., (2012). Distributional learning of phonemes in monolingual and bilingual infants., Minneapolis, USA, 18th Biennial International Conference on Infant Studies",NA,Statistical sound category learning
fennell2013,"Fennell, C. T., Hudon, T. and Spring, M., (2012). Distributional learning of phonemes in monolingual and bilingual infants., Minneapolis, USA, 18th Biennial International Conference on Infant Studies",NA,Statistical sound category learning
liu2011,"Liu, L., and Kager, R. (2011). How Do Statistical Learning and Perceptual Reorganization Alter Dutch InfantÌ¢åÛåªs Perception to Lexical Tones? In ICPhS (Vol. 17, pp. 1270Ì¢åÛåÒ1273).",NA,Statistical sound category learning
liu2014,"Liu L, Kager R.Perception of tones by infants learning a non-tone language.Cognition. 2014 Nov;133(2):385-94. doi: 10.1016/j.cognition.2014.06.004. Epub 2014 Aug 14.",10.1016/j.cognition.2014.06.004,Statistical sound category learning
maye2002,"Maye J, Werker JF, Gerken L.Infant sensitivity to distributional information can affect phonetic discrimination.Cognition. 2002 Jan;82(3):B101-11.",10.1016/S0010-0277(01)00157-3,Statistical sound category learning
maye2008,"Maye J, Weiss DJ, Aslin RN (2008). Statistical phonetic learning in infants: facilitation and feature generalization.Dev Sci. Jan;11(1):122-34. doi: 10.1111/j.1467-7687.2007.00653.x.",10.1111/j.1467-7687.2007.00653.x,Statistical sound category learning
terschure2016,"Ter Schure, S., Junge, C., & Boersma, P. (2016). Discriminating Non-native Vowels on the Basis of Multimodal, Auditory or Visual Information: Effects on InfantsÌ¢åÛåª Looking Patterns and Discrimination. Frontiers in psychology, 7.",10.3389/fpsyg.2016.00525,Statistical sound category learning
wanrooij2014,"Wanrooij, K., Boersma, P., and van Zuijen, T. L. (2014). Fast phonetic learning occurs already in 2-to-3-month old infants. An ERP study. Frontiers in Psychology, 5, 77.",10.3389/fpsyg.2014.00077,Statistical sound category learning
yoshida2009,"Yoshida, K. A., Pons, F., Maye, J., and Werker, J. F. (2009). Distributional Phonetic Learning at 10 Months of Age. Infancy, 15(4), 420Ì¢åÛåÒ433.",10.1111/j.1532-7078.2009.00024.x,Statistical sound category learning
Trehub1973,"Trehub, S. E. (1973). Infants Sensitivity to Vowel and Tonal Contrasts. Developmental Psychology, 9(1), 91-96.",10.1037/h0034999,Vowel discrimination (native)
Swoboda1976,"Swoboda, P.J., Morse, P.A., & Leavitt, L.A. (1976). Continuous Vowel Discrimination in Normal and At Risk Infants. Child Development 47(2), 459-465.",10.2307/1128802,Vowel discrimination (native)
Kuhl1982,"Kuhl, P.K., & Miller, J.D. (1982). Discrimination of auditory target dimensions in the presence or absence of variation in a second dimension by infants. Perception & Psychophysics 31(3), 279-292.",10.3758/BF03202536,Vowel discrimination (native)
Jusczyk1987,"Jusczyk, P. W., & Derrah, C. (1987). Representation of Speech Sounds by Young Infants. Developmental Psychology, 23(5), 648-654.",10.1037/0012-1649.23.5.648,Vowel discrimination (native)
Miller1979,"Miller, J. L., & Eimas, P. D. (1979). Organization in infant speech perception. Canadian journal of psychology, 33(4), 353-367.",10.1037/h0081732,Vowel discrimination (native)
Cowan1982,"Cowan, N., Suomi, K. & Morse, P. A. (1982). Echoic storage in infant perception. Child Development, 53(4), 984-990.",10.2307/1129138,Vowel discrimination (native)
Mugitani2009,"Mugitani, R., Pons, F., Fais, L., Dietrich, C., Werker, J. F., & Amano, S. (2009). Perception of vowel length by Japanese- and English-learning infants. Developmental psychology, 45(1), 236-247.",10.1037/a0014043,Vowel discrimination (native)
Phan2008,"Phan, J., & Houston, D. M. (2008). Infant Dialect Discrimination. Research on spoken language processing Progress Report No. 29.",NA,Vowel discrimination (native)
Sato2010,"Sato, Y., Sogabe, Y., & Mazuka, R. (2010). Discrimination of phonemic vowel length by Japanese infants. Developmental psychology, 46(1), 106-119.",10.1037/a0016718,Vowel discrimination (native)
Pons2012,"Pons, F., Albareda-Castellot, B., & Sebastian-Galles, N. (2012). The Interplay Between Input and Initial Biases: Asymmetries in Vowel Perception During the First Year of Life. Child Development 83(3), 965-976.",10.1111/j.1467-8624.2012.01740.x,Vowel discrimination (native)
Figueras2010,"Figueras Montiu, M., & Bosch Galceran, L. (2010). Capacidades de discriminaciÌ_n fonÌ©tica de un contraste vocÌÁlico nativo en el prematuro. Psicothema 22(4), 669-676. Retrieved from http://www.unioviedo.es/reunido/index.php/PST/article/view/8935",NA,Vowel discrimination (native)
Sebastian2009,"SebastiÌÁn-GallÌ©s, N., & Bosch, L. (2009). Developmental shift in the discrimination of vowel contrasts in bilingual infants: is the distributional account all there is to it? Developmental science, 12(6), 874‰ÛÒ887.",10.1111/j.1467-7687.2009.00829.x,Vowel discrimination (native)
Bosch2003,"Bosch, L., & Sebastian-Galles, N. (2003). Simultaneous Bilingualism and the Perception of a Language-Specific Vowel Contrast in the First Year of Life. Language and Speech 46(2-3), 217-243.",10.1177/00238309030460020801,Vowel discrimination (native)
Marean1992,"Marean, G., Werner, L., & Kuhl, P. (1992). Vowel categorization by very young infants. Developmental Psychology, 28(3), 396-405.",10.1037/0012-1649.28.3.396,Vowel discrimination (native)
Polka2011,"Polka, Linda, & Bohn, O.-S. (2011). Natural Referent Vowel (NRV) framework: An emerging view of early phonetic development. Journal of Phonetics, 39(4), 467‰ÛÒ478.",10.1016/j.wocn.2010.08.007,Vowel discrimination (native)
Bohn2001,"Bohn, O. S., & Polka, L. (2001). Target spectral, dynamic spectral, and duration cues in infant perception of German vowels. The Journal of the Acoustical Society of America, 110(1), 504‰ÛÒ515.",10.1121/1.1380415,Vowel discrimination (native)
Kuhl1979,"Kuhl, P K. (1979). Speech perception in early infancy: perceptual constancy for spectrally dissimilar vowel categories. The Journal of the Acoustical Society of America, 66(6), 1668‰ÛÒ1679.",10.1121/1.383639,Vowel discrimination (native)
Trainor2002,"Trainor, L. J., & Desjardins, R. N. (2002). Pitch characteristics of infant-directed speech affect infants‰Ûª ability to discriminate vowels. Psychonomic Bulletin & Review, 9(2), 335‰ÛÒ340.",10.3758/BF03196290,Vowel discrimination (native)
Polka1996,"Polka, L, & Bohn, O. (1996). A cross‰Ûêlanguage comparison of vowel perception in English‰Ûêlearning and German‰Ûêlearning infants. The Journal of the Acoustical Society of America, 100(1), 577-592.",10.1121/1.415884,Vowel discrimination (native)
Albareda2011,"Albareda-Castellot, B., Pons, F., & SebastiÌÁn-GallÌ©s, N. (2011). The acquisition of phonetic categories in bilingual infants: new data from an anticipatory eye movement paradigm. Developmental Science, 14(2), 395-401.",10.1111/j.1467-7687.2010.00989.x,Vowel discrimination (native)
Benderssubmitted,"Benders, T. (submitted). Learning phonemes from multiple auditory cues: Dutch infants' language input and perception.",NA,Vowel discrimination (native)
Minagawa-Kawai2007a,"Minagawa-Kawai, Y., Mori, K., Naoi, N., & Koijima, S. (2007). Neural Attunement Processes in Infants during the Acquisition of a Language-Specific Phonemic Contrast. The Journal of Neuroscience, 27(2), 315‰ÛÒ321.",10.1523/JNEUROSCI.1984-06.2007,Vowel discrimination (native)
Sato2003,"Sato, Y., Mori, K., Furuya, I., Hayashi, R., Minagawa-Kawai, Y., & Koizumi, T. (2003). Developmental changes in cerebral lateralization to spoken language in infants: measured by near-infrared spectroscopy. Jpn J Logoped Phoniatr, 44,165‰ÛÒ171.",10.5112/jjlp.44.165,Vowel discrimination (native)
Minagawa-Kawai2007b,"Minagawa-Kawai, Y., Naoi, N., Nishijima, N., Kojima, S., & Dupoux, E. (2007). Developmental Changes in Cerebral Responses to Native and Non-Native Vowels: A NIRS Study]. Proceedings of the International Conference of Phonetic Sciences XVI.",NA,Vowel discrimination (native)
Cheour1998,"Cheour, M., Alho, K., Ceponiene, R., Reinikainen, K., Sainio, K., Pohjavuori, M., Aaltonen, O., & Naatanen, R. (1998). Maturation of mismatch negativity in infants. International Journal of Psychophysiology 29, 217-226.",10.1016/S0167-8760(98)00017-8,Vowel discrimination (native)
Jansson-Verkalo2010,"Jansson-Verkalo, E., Ruusuvirta, T., Huotilainen, M., Alku, P., Kushnerenko, E., Suominen, K., Rytky, S., Luotonen, M., Kaukola, T., Tolonen, U., Hallman, M., (2010). Atypical perceptual narrowing in prematurely born infants is associated with compromised language acquisition at 2 years of age. BMC Neuroscience, 11-88.",10.1186/1471-2202-11-88,Vowel discrimination (native)
Liu2016,"Liu, L. & Kager, R. (2016). Perception of a native vowel contrast by Dutch monolingual and bilingual infants: A bilingual perceptual lead. International Journal of Bilingualismk, 20 (3), 335-345.",10.1177/1367006914566082,Vowel discrimination (native)
Sundara2011,"Sundara, M., & Scutellaro, A. (2011). Rhythmic distance between languages affects the development of speech perception in bilingual infants. Journal of Phonetics 39(4), 505-513",10.1016/j.wocn.2010.08.006,Vowel discrimination (native)
Tsujisubmitted,"Tsuji, S., Fikkert, P., Minagawa, Y., Dupoux, E., Filippin, L., Versteegh, M., Hagoort, P., & Cristia, A. (submiited). The more, the better? Behavioral and neural correlates of frequent and infrequent vowel exposure. Manuscript submitted for publication.",NA,Vowel discrimination (native)
Versteegh2015,"Versteegh, M., Tsuji, S., Fikkert, P., & Cristia, A. (2015, July 30). Adjudicating between auditory models using individual variation in infant vowel discrimination. Retrieved from osf.io/94xzr.",NA,Vowel discrimination (native)
Gogate1998,"Gogate, L. J. & Bahrick, L. E. (1998). Intersensory redundancy facilitates learning of arbitrary relations between vowel sounds and objects in 7-month-old infants. Journal of Experimental Child Psychology, 69 (2), 133-149.",10.1006/jecp.1998.2438,Vowel discrimination (native)
Gogate2001,"Gogate, L. J. & Bahrick, L. E. (2001). Intersensory redundancy and 7-month-old infants‰Ûª memory for syllable-object relations. Infancy, 2 (2), 219-231.",10.1207/S15327078IN0202_7,Vowel discrimination (native)
Trehub1976,"Trehub, S. E. (1976).The Discrimination of Foreign Speech Contrasts by Infants and Adults. Child Development 47(2), 466-472.",10.2307/1128803,Vowel discrimination (non-native)
Mugitani2009,"Mugitani, R., Pons, F., Fais, L., Dietrich, C., Werker, J. F., & Amano, S. (2009). Perception of vowel length by Japanese- and English-learning infants. Developmental psychology, 45(1), 236-247.",10.1037/a0014043,Vowel discrimination (non-native)
Bosch2003,"Bosch, L., & Sebastian-Galles, N. (2003). Simultaneous Bilingualism and the Perception of a Language-Specific Vowel Contrast in the First Year of Life. Language and Speech 46(2-3), 217-243.",10.1177/00238309030460020801,Vowel discrimination (non-native)
Tsao2004,"Tsao, F.-M., Liu, H.-M., & Kuhl, P. K. (2004). Speech perception in infancy predicts language development in the second year of life: A longitudinal study. Child Development, 75(4), 1067‰ÛÒ1084. Retrieved from http://cat.inist.fr/?aModele=afficheN&cpsidt=16017499",10.1111/j.1467-8624.2004.00726.x,Vowel discrimination (non-native)
Cardillo2010,"Cardillo, G.C. (2010). Predicting the predictors: Individual differences in longitudinal relationships between infant phonetic perception, toddler vocabulary, and preschooler language and phonological awareness. Ph.D. thesis, University of Washington.",NA,Vowel discrimination (non-native)
Polka2011,"Polka, Linda, & Bohn, O.-S. (2011). Natural Referent Vowel (NRV) framework: An emerging view of early phonetic development. Journal of Phonetics, 39(4), 467‰ÛÒ478.",10.1016/j.wocn.2010.08.007,Vowel discrimination (non-native)
Eilers1984,"Eilers, R. E., Bull, D. H., Oller, D. K., & Lewis, D. C. (1984). The discrimination of vowel duration by infants. The Journal of the Acoustical Society of America, 75(4), 1213‰ÛÒ1218.",10.1121/1.390773,Vowel discrimination (non-native)
Polka1996,"Polka, L, & Bohn, O. (1996). A cross‰Ûêlanguage comparison of vowel perception in English‰Ûêlearning and German‰Ûêlearning infants. The Journal of the Acoustical Society of America, 100(1), 577-592.",10.1121/1.415884,Vowel discrimination (non-native)
Albareda2011,"Albareda-Castellot, B., Pons, F., & SebastiÌÁn-GallÌ©s, N. (2011). The acquisition of phonetic categories in bilingual infants: new data from an anticipatory eye movement paradigm. Developmental Science, 14(2), 395-401.",10.1111/j.1467-7687.2010.00989.x,Vowel discrimination (non-native)
Benderssubmitted,"Benders, T. (submitted). Learning phonemes from multiple auditory cues: Dutch infants' language input and perception.",NA,Vowel discrimination (non-native)
Mazuka2013,"Mazuka, R., Hasegawa, M., & Tsuji, S. (2013). Development of non-native vowel discrimination: Improvement without exposure. Developmental Psychobiology, 56(2), 192-209.",10.1002/dev.21193,Vowel discrimination (non-native)
Minagawa-Kawai2007a,"Minagawa-Kawai, Y., Mori, K., Naoi, N., & Koijima, S. (2007). Neural Attunement Processes in Infants during the Acquisition of a Language-Specific Phonemic Contrast. The Journal of Neuroscience, 27(2), 315‰ÛÒ321.",10.1523/JNEUROSCI.1984-06.2007,Vowel discrimination (non-native)
Minagawa-Kawai2007b,"Minagawa-Kawai, Y., Naoi, N., Nishijima, N., Kojima, S., & Dupoux, E. (2007). Developmental Changes in Cerebral Responses to Native and Non-Native Vowels: A NIRS Study]. Proceedings of the International Conference of Phonetic Sciences XVI.",NA,Vowel discrimination (non-native)
Jansson-Verkalo2010,"Jansson-Verkalo, E., Ruusuvirta, T., Huotilainen, M., Alku, P., Kushnerenko, E., Suominen, K., Rytky, S., Luotonen, M., Kaukola, T., Tolonen, U., Hallman, M., (2010). Atypical perceptual narrowing in prematurely born infants is associated with compromised language acquisition at 2 years of age. BMC Neuroscience, 11-88.",10.1186/1471-2202-11-88,Vowel discrimination (non-native)
Grieser1989,"Grieser, D., & Kuhl, P. K. (1989). Categorization of Speech by Infants: Support for Speech-Sound Prototypes. Developmental Psychology, 25(4), 577‰ÛÒ588.",10.1037/0012-1649.25.4.577,Vowel discrimination (non-native)
JusczykAslin1995,"Jusczyk, P.W. & Aslin, R.N. (1995). Infants‰Û_ detection of the sound patterns of words in fluent speech. Cognitive Psychology, 29(1), 1-23. DOI: 10.1006/cogp.1995.1010",10.1006/cogp.1995.1010,Word segmentation
NewmanJusczyk1996,"Newman, R.S. & Jusczyk, P.W. (1996). The cocktail party effect in infants. Perception & Psychophysics, 58(8), 1145-1156. DOI: 10.3758/BF03207548",10.3758/BF03207548,Word segmentation
TincoffJusczyk1996,"Tincoff, R., & Jusczyk, P. W. (1996, July). Are word-final sounds perceptually salient for infants. In Poster presented at the Fifth Conf. on Laboratory Phonology, Evanston, IL, USA.",NA,Word segmentation
Kuijpersetal1998,"Kuijpers, C.T.L., Coolen, R., Houston, D.M., & Cutler, A. (1998). Using the head-turning technique to explore cross-linguistic performance differences. In: C. Rovee-Collier; L. Lipsitt; H. Hayne (Eds.), Advances in Infancy Research, Vol. 12, 205-220",NA,Word segmentation
JusczykHoustonNewsome1999,"Jusczyk, P.W., Houston, D.M., & Newsome, M. (1999). The beginnings of word segmentation in English-learning infants. Cognitive Psychology, 39(3), 159-207. DOI: 10.1006/cogp.1999.0716",10.1006/cogp.1999.0716,Word segmentation
HoustonJusczyk2000,"Houston, D.M. & Jusczyk, P.W. (2000).The role of talker-specific information in word segmentation by infants. Journal of Experimental Psychology: Human Perception and Performance, 26(5), 1570-1582. DOI: 10.1037/0096-1523.26.5.1570",10.1037/0096-1523.26.5.1570,Word segmentation
HoustonJusczykKuijpersCoolenCutler2000,"Houston, D.M., Jusczyk, P.W., Kuijpers, C., Coolen, R., & Cutler, A. (2000). Cross-language word segmentation by 9-month-olds. Psychonomic Bulletin & Review, 7(3), 504-509. DOI: 10.3758/BF03214363",10.3758/BF03214363,Word segmentation
HoustonSantelmann2004Jusczyk,"Houston, D.M., Santelmann, L., & Jusczyk, P.W. (2004). English-learning infants‰Ûª segmentation of trisyllabic words from fluent speech. Language and Cognitive Processes, 19(1), 97-136. DOI: 10.1080/01690960344000143",10.1080/01690960344000143,Word segmentation
MattysJusczyk2001,"Mattys, S.L. & Jusczyk, P.W. (2001). Do infants segment words or recurring contiguous patterns?. Journal of Experimental Psychology: Human Perception and Performance, 27(3), 644. DOI: 10.1037/0096-1523.27.3.644",10.1037/0096-1523.27.3.644,Word segmentation
MattysJusczyk2001b,"Mattys, S.L. & Jusczyk, P.W. (2001b). Phonotactic cues for segmentation of fluent speech by infants. Cognition, 78(2), 91-121. DOI: 10.1016/S0010-0277(00)00109-8",10.1016/S0010-0277(00)00109-8,Word segmentation
HoehleWeissenborn2003,"HÌ_hle, B. & Weissenborn, J. (2003). German‰Ûêlearning infants‰Ûª ability to detect unstressed closed‰Ûêclass elements in continuous speech. Developmental Science, 6(2), 122-127. DOI: 10.1111/1467-7687.00261",10.1111/1467-7687.00261,Word segmentation
HoustonJusczyk2003,"Houston, D.M. & Jusczyk, P.W. (2003). Infants' long-term memory for the sound patterns of words and voices. Journal of Experimental Psychology: Human Perception and Performance, 29(6), 1143-1154. DOI: 10.1037/0096-1523.29.6.1143",10.1037/0096-1523.29.6.1143,Word segmentation
Johnsonetal2003,"Johnson, E.K., Jusczyk, P.W., Cutler, A., & Norris, D. (2003). Lexical viability constraints on speech segmentation by infants. Cognitive Psychology, 46(1), 65-97. DOI: 10.1016/S0010-0285(02)00507-8",10.1016/S0010-0285(02)00507-8,Word segmentation
NewmanTsayJusczyk2003,"Newman, R., Tsay, J., & Jusczyk, P. (2003). The development of speech segmentation abilities. In: D. Houston, A. Seidl, G. Hollich, E. Johnson, & A. Jusczyk (Eds.), Jusczyk Lab Final Report. Retrieved from: http://hincapie.psych.purdue.edu/Jusczyk",NA,Word segmentation
TsayJusczyk2003,"Tsay, J. & Jusczyk, P.W. (2003). Detection of words in fluent Chinese by English-acquiring and Chinese-acquiring infants. In: D. Houston, A. Seidl, G. Hollich, E. Johnson, & A. Jusczyk (Eds.), Jusczyk Lab Final Report. Retrieved from: http://hincapie.psych.purdue.edu/Jusczyk",NA,Word segmentation
BarkerNewman2004,"Barker, B.A. & Newman, R.S. (2004). Listen to your mother! The role of talker familiarity in infant streaming. Cognition 94: B45-53. DOI:10.1016/j.cognition.2004.06.001",10.1016/j.cognition.2004.06.001,Word segmentation
GoutChristopheMorgan2004,"Gout, A., Christophe, A., & Morgan, J.L. (2004). Phonological phrase boundaries constrain lexical access II: Infant data. Journal of Memory and Language, 51(4), 548-567. DOI: 10.1016/j.jml.2004.07.002",10.1016/j.jml.2004.07.002,Word segmentation
SinghMorganWhite2004,"Singh, L., Morgan, J.L., & White, K.S. (2004). Preference and processing: The role of speech affect in early spoken word recognition. Journal of Memory and Language, 51(2), 173-189. DOI: 10.1016/j.jml.2004.04.004",10.1016/j.jml.2004.04.004,Word segmentation
Bortfeldetal2005,"Bortfeld, H., Morgan, J.L., Golinkoff, R.M., & Rathbun, K. (2005). Mommy and me familiar names help launch babies into speech-stream segmentation. Psychological Science, 16(4), 298-304. DOI: 10.1111/j.0956-7976.2005.01531.x",10.1111/j.0956-7976.2005.01531.x,Word segmentation
Hollichetal2005,"Hollich, G., Newman, R.S., & Jusczyk, P.W. (2005). Infants' use of synchronized visual information to separate streams of speech. Child Development, 76(3), 598-613. DOI: 10.1111/j.1467-8624.2005.00866.x",10.1111/j.1467-8624.2005.00866.x,Word segmentation
Johnson2005,"Johnson, E.K. (2005). English-Learning Infants' Representations of Word Forms With Iambic Stress. Infancy, 7(1), 99-109. DOI: 10.1207/s15327078in0701_8",10.1207/s15327078in0701_8,Word segmentation
Nazzietal2005,"Nazzi, T., Dilley, L.C., Jusczyk, A.M., Shattuck-Hufnagel, S., & Jusczyk, P.W. (2005). English-learning infants' segmentation of verbs from fluent speech. Language and Speech, 48(3), 279-298. DOI: 10.1177/00238309050480030201",10.1177/00238309050480030201,Word segmentation
Nazzietal2006,"Nazzi, T., Iakimova, G., Bertoncini, J., FrÌ©donie, S., & Alcantara, C. (2006). Early segmentation of fluent speech by infants acquiring French: Emerging evidence for crosslinguistic differences. Journal of Memory and Language, 54(3), 283-299. DOI: 10.1016/j.jml.2005.10.004",10.1016/j.jml.2005.10.004,Word segmentation
SeidlJohnson2006,"Seidl, A., & Johnson, E. K. (2006). Infant word segmentation revisited: Edge alignment facilitates target extraction. Developmental Science, 9(6), 565-573.",10.1111/j.1467-7687.2006.00534.x,Word segmentation
ShiCutlerWerkerCruickshank2006,"Shi, R., Cutler, A., Werker, J., & Cruickshank, M. (2006). Frequency and form as determinants of functor sensitivity in English-acquiring infants. The Journal of the Acoustical Society of America, 119(6), EL61-EL67. DOI: 10.1121/1.2198947",10.1121/1.2198947,Word segmentation
ShiMarquisGauthier2006,"Shi, R., Marquis, A., & Gauthier, B. (2006). Segmentation and representation of function words in preverbal French-learning infants. In D. Bamman, T. Magnitskaia & C. Zaller (Eds.), Proceedings of the 30th annual Boston University Conference on Language Development. Sommerville, MA, Cascadilla Press, 549-560.",NA,Word segmentation
Katz-Gershon2007,"Katz-Gershon, S. (2007). Word Extraction in Infant and Adult Directed Speech: Does Dialect Matter? Doctoral Dissertation, Wayne State University.",NA,Word segmentation
Shi2007,"Shi, R. (2007). Infants' recognition of function words in continuous speech. In: Proceedings of the 17th International Congress of Phonetic Sciences, 1541-1544.",NA,Word segmentation
Johnson2008,"Johnson, E.K. (2008). Infants use prosodically conditioned acoustic-phonetic cues to extract words from speech. The Journal of the Acoustical Society of America, 123(6), EL144-EL148. DOI: 10.1121/1.2908407",10.1121/1.2908407,Word segmentation
MarquisShi2008,"Marquis, A. & Shi, R. (2008). Segmentation of verb forms in preverbal infants. The Journal of the Acoustical Society of America, 123(4), EL105-EL110. DOI: 10.1121/1.2884082",10.1121/1.2884082,Word segmentation
SeidlJohnson2008,"Seidl, A. & Johnson, E.K. (2008). Boundary alignment enables 11-month-olds to segment vowel initial words from speech. Journal of Child Language, 35(01), 1-24. DOI: 10.1017/S0305000907008215",10.1017/S0305000907008215,Word segmentation
ShiLepage2008,"Shi, R. & Lepage, M. (2008). The effect of functional morphemes on word segmentation in preverbal infants. Developmental Science, 11(3), 407-413. DOI: 10.1111/j.1467-7687.2008.00685.x",10.1111/j.1467-7687.2008.00685.x,Word segmentation
Singh2008,"Singh, L. (2008). Influences of high and low variability on infant word recognition. Cognition, 106(2), 833-870. DOI: 10.1016/j.cognition.2007.05.002",10.1016/j.cognition.2007.05.002,Word segmentation
SinghNestorBortfeld2008,"Singh, L., Nestor, S.S., & Bortfeld, H. (2008). Overcoming the effects of variation in infant speech segmentation: Influences of word familiarity. Infancy, 13(1), 57-74. DOI: 10.1080/15250000701779386",10.1080/15250000701779386,Word segmentation
SinghWhiteMorgan2008,"Singh, L., White, K.S., & Morgan, J.L. (2008). Building a word-form lexicon in the face of variable input: Influences of pitch and amplitude on early spoken word recognition. Language Learning and Development, 4(2), 157-178. DOI: 10.1080/15475440801922131",10.1080/15475440801922131,Word segmentation
BartelsDarcyHoehle2009,"Bartels, S., Darcy, I., & HÌ_hle, B. (2009). Schwa Syllables Facilitate Word Segmentation for 9-month-old German-learning Infants. In: Chanderlee, J. et al. (Eds.), Proceedings of the 33rd Boston University Conference on Language Development. Cascadilla Press, Somerville, MA, pp. 73-84.",NA,Word segmentation
MarquisShi2009,"Marquis, A. & Shi, R. (2009). The recognition of verb roots and bound morphemes when vowel alternations are at play. In J. Chandlee, M. Franchini, S. Lord, & M. Rheiner (Eds.), A supplement to the Proceedings of the 33rd Boston University Conference on Language Development.",NA,Word segmentation
PelucchiHaySaffran2009a,"Pelucchi, B., Hay, J. F., & Saffran, J. R. (2009). Statistical Learning in a Natural Language by 8‰ÛêMonth‰ÛêOld Infants. Child development, 80(3), 674-685.",10.1111/j.1467-8624.2009.01290.x,Word segmentation
PellucchiHaySaffran2009b,"Pelucchi, B., Hay, J. F., & Saffran, J. R. (2009). Learning in reverse: Eight-month-old infants track backward transitional probabilities. Cognition, 113(2), 244-247.",10.1016/j.cognition.2009.07.011,Word segmentation
SchmadeSeidl2009,"Schmale, R. & Seidl, A. (2009). Accommodating variability in voice and foreign accent: flexibility of early word representations. Developmental Science, 12(4), 583-601.DOI: 10.1111/j.1467-7687.2009.00809.x",10.1111/j.1467-7687.2009.00809.x,Word segmentation
Singhetal2009,"Singh, L., Nestor, S., Parikh, C., & Yull, A. (2009). Influences of infant-directed speech on early word recognition. Infancy, 14(6), 654-666. DOI: 10.1080/15250000903263973",10.1080/15250000903263973,Word segmentation
WillitsSeidenbergSaffran2009,"Willits, J.A., Seidenberg, M.S., & Saffran, J.R. (2009). Verbs are lookING good in early language acquisition. In: N. Taatgen, H. van Rijn, L. Schomaker, & J. Nerbonne (Eds.), Proceedings of the 31st Annual Conference of the Cognitive Science Society. Austin, TX: Cognitive Science Society. 2570-2575.",NA,Word segmentation
Schmaleetal2010,"Schmale, R., Cristia, A., Seidl, A., & Johnson, E. K. (2010). Developmental changes in infants‰Ûª ability to cope with dialect variation in word recognition. Infancy, 15(6), 650-662. DOI: 10.1111/j.1532-7078.2010.00032.x",10.1111/j.1532-7078.2010.00032.x,Word segmentation
BabineauShi2011,"Babineau, M. & Shi, R. (2011). Processing of French Liaisons in Toddlers. In: Davis, N., Mesh, K., Sung, H. (Eds.), Proceedings of the 35th Boston University Conference on Language Development. Cascadilla Press, Somerville, MA, pp. 25-37.",NA,Word segmentation
LewWilliamsetal2011,"Lew‰ÛêWilliams, C., Pelucchi, B., & Saffran, J. R. (2011). Isolated words enhance statistical language learning in infancy. Developmental Science, 14(6), 1323-1329.",10.1111/j.1467-7687.2011.01079.x,Word segmentation
Mason-AppsStojanovikHouston-Price2011,"Mason-Apps, E., Stojanovik, V., & Houston-Price, C. (2011). Early Word Segmentation in Typically Developing Infants and Infants with Down Syndrome: A Preliminary Study. In: Proceedings of the 17th International Congress of Phonetic Sciences, 1334-1337",NA,Word segmentation
PolkaSundara2011,"Polka, L. & Sundara, M. (2012). Word Segmentation in Monolingual Infants Acquiring Canadian English and Canadian French: Native Language, Cross-Dialect, and Cross-Language Comparisons. Infancy, 17(2), 198-232. DOI: 10.1111/j.1532-7078.2011.00075.x",10.1111/j.1532-7078.2011.00075.x,Word segmentation
MarquisShi2012,"Marquis, A. & Shi, R. (2012). Initial morphological learning in preverbal infants. Cognition, 122(1), 61-66. DOI: 10.1016/j.cognition.2011.07.004",10.1016/j.cognition.2011.07.004,Word segmentation
SinghFoong2012,"Singh, L. & Foong, J. (2012). Influences of lexical tone and pitch on word recognition in bilingual infants. Cognition, 124(2), 128-142. DOI: 10.1016/j.cognition.2012.05.008",10.1016/j.cognition.2012.05.008,Word segmentation
SinghReznickXuehua2012,"Singh, L., Reznick, J.S., & Xuehua, L. (2012). Infant word segmentation and childhood vocabulary development: a longitudinal analysis. Developmental Science, 15(4), 482-495. DOI: 10.1111/j.1467-7687.2012.01141.x",10.1111/j.1467-7687.2012.01141.x,Word segmentation
vanHeugtenJohnson2012,"van Heugten, M. & Johnson, E.K. (2012). Infants exposed to fluent natural speech succeed at cross-gender word recognition. Journal of Speech, Language, and Hearing Research, 55(2), 554-560. DOI: 10.1044/1092-4388(2011/10-0347)",10.1044/1092-4388(2011/10-0347),Word segmentation
Kim2012,"Kim, Y.U. (2012) Segmentation of vowel-initial words is facilitated by function words. Master Thesis, UCLA.",NA,Word segmentation
Altvater-MackensenMani2013,"Altvater-Mackensen, N. & Mani, N. (2013). Word-form familiarity bootstraps infant speech segmentation. Developmental Science, 16(6): 980-990. DOI: 10.1111/desc.12071",10.1111/desc.12071,Word segmentation
Boschetal2013,"Bosch, L., Figueras, M., TeixidÌ_, M., & Ramon-Casas, M. (2013). Rapid gains in segmenting fluent speech when words match the rhythmic unit: evidence from infants acquiring syllable-timed languages. Frontiers in Psychology, 4:106. DOI: 10.3389/fpsyg.2013.00106",10.3389/fpsyg.2013.00106,Word segmentation
Gonzalez-GomezNazzi2013,"Gonzalez-Gomez, N. & Nazzi, T. (2013). Effects of prior phonotactic knowledge on infant word segmentation: The case of nonadjacent dependencies. Journal of Speech, Language, and Hearing Research, 56(3), 840-849. DOI: 0.1044/1092-4388(2012/12-0138)",10.1044/1092-4388(2012/12-0138),Word segmentation
Nazzietal2014,"Nazzi, T., Mersad, K., Sundara, M., Iakimova, G., & Polka, L. (2014). Early word segmentation in infants acquiring Parisian French: task-dependent and dialect-specific aspects. Journal of Child Language, 41(3), 600-633. DOI: 10.1017/S0305000913000111",10.1017/S0305000913000111,Word segmentation
GoyetNishibayashiNazzi2013,"Goyet, L., Nishibayashi, L. L., & Nazzi, T. (2013). Early syllabic segmentation of fluent speech by infants acquiring French. PloS one, 8(11), e79646.",10.1371/journal.pone.0079646,Word segmentation
BabineauShi2014,"Babineau, M., & Shi, R. (2014). Distributional cues and the onset bias in early word segmentation. Developmental Psychology, 50(12), 2666.",10.1037/a0038105,Word segmentation
JohnsonSeidlTyler2014,"Johnson, E. K., Seidl, A., & Tyler, M. D. (2014). The edge factor in early word segmentation: utterance-level prosody enables word form extraction by 6-month-olds. PloS one, 9(1), e83546.",10.1371/journal.pone.0083546,Word segmentation
NishibayashiGoyetNazzi2014,"Nishibayashi, L. L., Goyet, L., & Nazzi, T. (2014). Early speech segmentation in French-learning infants: Monosyllabic words versus embedded syllables. Language and speech, 0023830914551375.",10.1177/0023830914551375,Word segmentation
BergmannFikkert2013,"Bergmann, C. & Fikkert, P. (unpublished) Replication of Jusczyk & Aslin (1995) in Dutch 8- and 10-month-olds.",NA,Word segmentation
Porto2015,"Porto, L. (2015). Using the Headturn Preference Procedure to Assess Word Segmentation Skills in Dutch Infants. Unpublished Masterthesis. Retrieved via http://theses-test.ubn.ru.nl/handle/123456789/653",NA,Word segmentation
ZahnerSchoenhuberBraun2015,"Zahner, K., SchÌ_nhuber, M., & Braun, B. (2015). The limits of metrical segmentation: intonation modulates infants' extraction of embedded trochees. Journal of child language, 1-27.",10.1017/S0305000915000744,Word segmentation
HaryuKajikawa2016,"Haryu, E., & Kajikawa, S. (2016). Use of bound morphemes (noun particles) in word segmentation by Japanese-learning infants. Journal of Memory and Language, 88, 18-27.",10.1016/j.jml.2015.11.007,Word segmentation
Flocciaetal2016,"Floccia, C., Keren-Portnoy, T., DePaolis, R., Duffy, H., Delle Luche, C., Durrant, S., White, L., Goslin, J., & Vihman, M. (2016). British English infants segment words only with exaggerated infant-directed speech stimuli. Cognition, 148, 1-9.",10.1016/j.cognition.2015.12.004,Word segmentation
Schreineretal2016,"Schreiner, M. S., Altvater‰ÛêMackensen, N., & Mani, N. (2016). Early Word Segmentation in Naturalistic Environments: Limited Effects of Speech Register. Infancy.",10.1111/infa.12133,Word segmentation
WangLlanosSeidl2016,"Wang, Y., Llanos, F., & Seidl, A. (2016). Infants use context to normalize speaking rate. 2016 International Conference on Infant Studies (ICIS) Biennial Meeting, New Orleans, LA.",NA,Word segmentation
ManiPaetzold2016,"Nivedita Mani & Wiebke PÌ_tzold (2016): Sixteen-month-old infants‰Ûª segment words from infant- and adult-directed speech, Language Learning and Development, DOI: 10.1080/15475441.2016.1171717",10.1080/15475441.2016.1171717,Word segmentation
OtaSkarabela2017,"Ota, M. & Skarabela, B. (in press)",NA,Word segmentation