Chambers..K...Onishi..K..H.....Fisher..C...2003...Infants.learn.phonotactic.regularities.from.brief.auditory.experience..Cognition..87..B69Ã¢..B77.,https...doi.org.10.1016.s0010.0277.02.00233.0,X,
" Chambers, K. E., Onishi, K. H., & Fisher, C. (2011). Representations for phonotactic learning in infancy. Language Learning & Development, 7, 287Ã¢â‚¬""308.", https://doi.org/10.1080/15475441.2011.580447,NA,
" Cristia, A. (2006). Speech sound categories in language acquisition & learning. Unpublished Masters of Arts Thesis, Purdue University.", ,NA,
" Cristia, A., & Seidl, A. (2008). Is infantsÃ¢â‚¬â„¢ learning of sound patterns con- strained by phonological features? Language Learning & Development, 5, 203Ã¢â‚¬""227.", ,NA,
" Cristia, A. & Peperkamp, S. (2012). Generalizing without encoding specifics: Infants infer phonotactic patterns on sound classes. BUCLD Proceedings, 36, 126-138.", ,NA,
" Seidl, A., & Buckley, E. (2005). On the learning of arbitrary phonological rules. Language Learning & Development 1:289Ã¢â‚¬""316.", ,NA,
" Seidl, A., Cristia, A., Onishi, K. H., & Bernard, A. (2009). Allophonic & phonemic contrasts in infants learning of sound patterns. Language Learning & Development, 5, 191Ã¢â‚¬""202.", https://doi.org/10.1080/15475440902754326,NA,
" Seidl, A., Cristia, A., & Onishi, K.H. (2014). Talker variation aids young infants' phonotactic learning. Language Learning & Development, 10(4), 297-307", https://doi.org/10.1080/15475441.2013.858575,NA,
" Wang, Y. & Seidl, A. (2014). The Learnability of Phonotactic Patterns in Onset & Coda Positions, Language Learning & Development, DOI: 10.1080/15475441.2013.876270", https://doi.org/10.1080/15475441.2013.876270,NA,
" Cristia, A. (2015). InfantsÃ¢â‚¬â„¢ ability to learn novel sound patterns changes with age. Unpublished manuscript, available from https://drive.google.com/open?id=0B-h5920hdkyhNFo4Rmc4Y1Noajg.", ,NA,
" Cristia, A., Seidl, A., & Gerken, L. (2011b). Young infants learn sound patterns involving unnatural sound classes. University of Pennsylvania Working Papers in Linguistics, 17, 9.", ,NA,
" Gerken, L., & Knight, S. (2015). Infants generalize from just (the right) four words. Cognition, 143, 187-192.", https://doi.org/10.1016/j.cognition.2015.04.018,NA,
" Gerken, L.A., & Quam, C. (2016). Infant Learning is Influenced by Local Spurious Generalizations. Developmental Science", ,NA,
" Capel, D. J. H., De Bree, E. H., De Klerk, M. A., Kerkhoff, A. O., and Wijnen, F. N. K. (2011). Distributional cues affect phonetic discrimination in Dutch infants. Sound and sounds. Studies presented to MEH (Bert) Schouten on the occasion of his 65th birthday. Utrecht: UiL-OTS, 33-43.", ,NA,
" Fennell, C. T., Hudon, T. and Spring, M., (2012). Distributional learning of phonemes in monolingual and bilingual infants., Minneapolis, USA, 18th Biennial International Conference on Infant Studies", ,NA,
" Liu, L., and Kager, R. (2011). How Do Statistical Learning and Perceptual Reorganization Alter Dutch InfantÃƒÂ¢Ã‚â‚¬Ã‚â„¢s Perception to Lexical Tones? In ICPhS (Vol. 17, pp. 1270ÃƒÂ¢Ã‚â‚¬Ã‚""1273).", ,NA,
" Liu L, Kager R.Perception of tones by infants learning a non-tone language.Cognition. 2014 Nov133(2):385-94. doi: 10.1016/j.cognition.2014.06.004. Epub 2014 Aug 14.", https://doi.org/10.1016/j.cognition.2014.06.004,NA,
" Maye J, Werker JF, Gerken L.Infant sensitivity to distributional information can affect phonetic discrimination.Cognition. 2002 Jan82(3):B101-11.", https://doi.org/10.1016/S0010-0277(01)00157-3,NA,
" Maye J, Weiss DJ, Aslin RN (2008). Statistical phonetic learning in infants: facilitation and feature generalization.Dev Sci. Jan11(1):122-34. doi: 10.1111/j.1467-7687.2007.00653.x.", https://doi.org/10.1111/j.1467-7687.2007.00653.x,NA,
" Ter Schure, S., Junge, C., & Boersma, P. (2016). Discriminating Non-native Vowels on the Basis of Multimodal, Auditory or Visual Information: Effects on InfantsÃƒÂ¢Ã‚â‚¬Ã‚â„¢ Looking Patterns and Discrimination. Frontiers in psychology, 7.", https://doi.org/10.3389/fpsyg.2016.00525,NA,
" Wanrooij, K., Boersma, P., and van Zuijen, T. L. (2014). Fast phonetic learning occurs already in 2-to-3-month old infants. An ERP study. Frontiers in Psychology, 5, 77.", https://doi.org/10.3389/fpsyg.2014.00077,NA,
" Yoshida, K. A., Pons, F., Maye, J., and Werker, J. F. (2009). Distributional Phonetic Learning at 10 Months of Age. Infancy, 15(4), 420ÃƒÂ¢Ã‚â‚¬Ã‚""433.", ,NA,
" Baldwin, D. A. (1992). Clarifying the role of shape in children's taxonomic assumption. Journal of experimental child psychology, 54(3), 392-416.", https://doi.org/10.1016/0022-0965(92)90027-4,NA,
" Bauer, P. J., & Mandler, J. M. (1989). Taxonomies and triads: Conceptual organization in one-to two-year-olds. Cognitive Psychology, 21(2), 156-184.", https://doi.org/10.1016/0010-0285(89)90006-6,NA,
" Greenfield, D. B., & Scott, M. S. (1986). Young children's preference for complementary pairs: Evidence against a shift to a taxonomic preference. Developmental Psychology, 22(1), 19.", https://doi.org/10.1037/0012-1649.22.1.19,NA,
" Sachs, O., Weis, S., Krings, T., Huber, W., & Kircher, T. (2008). Categorical and thematic knowledge representation in the brain: Neural correlates of taxonomic and thematic conceptual relations. Neuropsychologia, 46(2), 409-418.", https://doi.org/10.1016/j.neuropsychologia.2007.08.015,NA,
" Markman, E. M., & Hutchinson, J. E. (1984). Children's sensitivity to constraints on word meaning: Taxonomic versus thematic relations. Cognitive psychology, 16(1), 1-27.", https://doi.org/10.1016/0010-0285(84)90002-1,NA,
" Waxman, S. R., & Hall, D. G. (1993). The development of a linkage between count nouns and object categories: evidence from fifteenÃ¢â‚¬Âêto twentyÃ¢â‚¬ÂêoneÃ¢â‚¬ÂêmonthÃ¢â‚¬Âêold infants. Child development, 64(4), 1224-1241.", https://doi.org/10.2307/1131336,NA,
" Waxman, S. R., & Namy, L. L. (1997). Challenging the notion of a thematic preference in young children. Developmental Psychology, 33(3), 555.", https://doi.org/10.1037/0012-1649.33.3.555,NA,
" Nguyen, S. P., & Murphy, G. L. (2003). An Apple is More Than Just a Fruit: CrossÃ¢â‚¬ÂêClassification in Children's Concepts. Child development, 74(6), 1783-1806.", https://doi.org/10.1046/j.1467-8624.2003.00638.x,NA,
" Lucariello, J., Kyratzis, A., & Nelson, K. (1992). Taxonomic knowledge: What kind and when?. Child development, 63(4), 978-998.", https://doi.org/10.2307/1131248,NA,
" Bedford, R., Elsabbagh, M., Gliga, T., Pickles, A., Senju, A., Charman, T., & Johnson, M. H. (2012). Precursors to social and communication difficulties in infants at-risk for autism: gaze following and attentional engagement. Journal of autism and developmental disorders, 42(10), 2208-2218.", https://doi.org/10.1007/s10803-012-1450-y,NA,
" Brooks, R., & Meltzoff, A. N. (2008). Infant gaze following and pointing predict accelerated vocabulary growth through two years of age: A longitudinal, growth curve modeling study. Journal of child language, 35(01), 207-220.", https://doi.org/10.1017/S030500090700829X,NA,
" Butler, S. C., Caron, A. J., & Brooks, R. (2000). Infant understanding of the referential nature of looking. Journal of Cognition and Development, 1(4), 359-377.", https://doi.org/10.1207/S15327647JCD0104_01,NA,
" Caron, A. J., Butler, S., & Brooks, R. (2002). Gaze following at 12 and 14 months: Do the eyes matter?. British Journal of Developmental Psychology,20(2), 225-239.", https://doi.org/10.1348/026151002166424,NA,
" De Groote, I., Roeyers, H., & Striano, T. (2007). Gaze following as a function of affective expression in 3-, 6-and 9-month-old infants. Infant Behavior and Development, 30(3), 492-498.", https://doi.org/10.1016/j.infbeh.2006.12.009,NA,
" Delgado, C. E., Mundy, P., Crowson, M., Markus, J., Yale, M., & Schwartz, H. (2002). Responding to Joint Attention and Language DevelopmentA Comparison of Target Locations. Journal of Speech, Language, and Hearing Research, 45(4), 715-719.", https://doi.org/10.1044/1092-4388(2002/057),NA,
" Markus, J., Mundy, P., Morales, M., Delgado, C. E., & Yale, M. (2000). Individual differences in infant skills as predictors of child_Ã¥Â·Â¨caregiver joint attention and language. Social Development, 9(3), 302-315.", https://doi.org/10.1111/1467-9507.00127,NA,
" Morales, M., Mundy, P., Delgado, C. E., Yale, M., Messinger, D., Neal, R., & Schwartz, H. K. (2000). Responding to joint attention across the 6-through 24-month age period and early language acquisition. Journal of applied developmental psychology, 21(3), 283-298.", https://doi.org/10.1016/S0193-3973(99)00040-4,NA,
" Mundy, Peter, and Antoinette Gomes. ""Individual differences in joint attention skill development in the second year."" Infant behavior and development 21.3 (1998): 469-482.", https://doi.org/10.1016/S0163-6383(98)90020-0,NA,
" Mundy, P., Fox, N., & Card, J. (2003). EEG coherence, joint attention and language development in the second year. Developmental Science, 6(1), 48-54.", https://doi.org/10.1111/1467-7687.00253,NA,
" Mundy, P., Block, J., Delgado, C., Pomares, Y., Van Hecke, A. V., & Parlade, M. V. (2007). Individual differences and the development of joint attention in infancy. Child development, 78(3), 938-954.", https://doi.org/10.1111/j.1467-8624.2007.01042.x,NA,
" Morales, M., Mundy, P., Delgado, C. E., Yale, M., Neal, R., & Schwartz, H. K. (2000). Gaze following, temperament, and language development in 6-month-olds: A replication and extension. Infant Behavior and Development,23(2), 231-236.", https://doi.org/10.1016/S0163-6383(01)00038-8,NA,
 NA, ,NA,
" Balaban, M. T., & Waxman, S. R. (1997). Do words facilitate object categorization in 9-month-old infants?. Journal of experimental child psychology, 64(1), 3-26.", https://doi.org/10.1006/jecp.1996.2332,NA,
" Fulkerson, A. L., & Haaf, R. A. (2003). The influence of labels, non-labeling sounds, and source of auditory input on 9-and 15-month-olds' object categorization. Infancy, 4(3), 349-369.", https://doi.org/10.1207/S15327078IN0403_03,NA,
" Ferry, A. L., Hespos, S. J., & Waxman, S. R. (2010). Categorization in 3-and 4-month-old infants: an advantage of words over tones. Child development, 81(2), 472-479.", https://doi.org/10.1111/j.1467-8624.2009.01408.x,NA,
" Fulkerson, A. L., & Waxman, S. R. (2007). Words (but not tones) facilitate object categorization: Evidence from 6-and 12-month-olds. Cognition, 105(1), 218-228.", https://doi.org/10.1016/j.cognition.2006.09.005,NA,
" Ferry, A. L., Hespos, S. J., & Waxman, S. R. (2013). Nonhuman primate vocalizations support categorization in very young human infants. Proceedings of the National Academy of Sciences, 110(38), 15231-15235.", https://doi.org/10.1073/pnas.1221166110,NA,
" Althaus, N., & Plunkett, K. (2015). Timing matters: The impact of label synchrony on infant categorisation. Cognition, 139, 1-9.", https://doi.org/10.1016/j.cognition.2015.02.004,NA,
" Waxman, S. R. (1999). Specifying the scope of 13-month-olds' expectations for novel words. Cognition, 70(3), B35-B50.", https://doi.org/10.1016/S0010-0277(99)00017-7,NA,
" Waxman, S., & Booth, A. (2003). The origins and evolution of links between word learning and conceptual organization: new evidence from 11-month-olds.Developmental Science, 6(2), 128-135.", https://doi.org/10.1111/1467-7687.00262,NA,
" Robinson, C. W., & Sloutsky, V. M. (2007). Linguistic labels and categorization in infancy: do labels facilitate or hinder?. Infancy, 11(3), 233-253.", https://doi.org/10.1111/j.1532-7078.2007.tb00225.x,NA,
" Fulkerson, A. L., & Haaf, R. A. (2006). Does object naming aid 12-month-olds' formation of novel object categories?. First Language, 26(4), 347-361.", https://doi.org/10.1177/0142723706059217,NA,
" Deng, W. & Sloutsky, V. M. (2015). Linguistic labels, dynamic visual features, and attention in infant category learning. Journal of experimental child psychology, 134, 62-77.", https://doi.org/10.1016/j.jecp.2015.01.012,NA,
" Waxman, S. R., & Braun, I. (2005). Consistent (but not variable) names as invitations to form object categories: new evidence from 12-month-old infants.Cognition, 95(3), B59-B68.", https://doi.org/10.1016/j.cognition.2004.09.003,NA,
" Booth, A. E., & Waxman, S. R. (2003). Mapping words to the world in infancy: Infants' expectations for count nouns and adjectives. Journal of Cognition and Development, 4(3), 357-381.", https://doi.org/10.1207/S15327647JCD0403_06,NA,
" Booth, A. E., & Waxman, S. (2002). Object names and object functions serve as cues to categories for infants. Developmental psychology, 38(6), 948.", https://doi.org/10.1037/0012-1649.38.6.948,NA,
" Ferguson, B., & Waxman, S. R. (2016). What the [beep]? Six-month-olds link novel communicative signals to meaning. Cognition, 146, 185-189.", https://doi.org/10.1016/j.cognition.2015.09.020,NA,
" Waxman, S. R., & Booth, A. E. (2001). Seeing pink elephants: Fourteen-month-olds' interpretations of novel nouns and adjectives. Cognitive psychology, 43(3), 217-242.", https://doi.org/10.1006/cogp.2001.0764,NA,
" Bion, R. A., Borovsky, A., & Fernald, A. (2013). Fast mapping, slow learning: Disambiguation of novel wordÃ¢â‚¬""object mappings in relation to vocabulary learning at 18, 24, and 30months. Cognition, 126(1), 39-53.", https://doi.org/10.1016/j.cognition.2012.08.008,NA,
" ByersÃ¢â‚¬ÂêHeinlein, K., & Werker, J. F. (2009). Monolingual, bilingual, trilingual: infants' language experience influences the development of a wordÃ¢â‚¬Âêlearning heuristic. Developmental science, 12(5), 815-823.", https://doi.org/10.1111/j.1467-7687.2009.00902.x,NA,
" Evey, J. A., & Merriman, W. E. (1998). The prevalence and the weakness of an early name mapping preference. Journal of child language, 25(1), 121-147.", https://doi.org/10.1017/S030500099700336X,NA,
" Frank, M. C., Sugarman, E., Horowitz, A., Lewis, M. L., & Yurovsky, D. (2016). Using tablets to collect data from young children. Journal of Cognition and Development,17(1), 1-17.", https://doi.org/10.1080/15248372.2015.1061528,NA,
" Graham, S. A., Poulin-Dubois, D., & Baker, R. K. (1998). Infants' disambiguation of novel object words. First Language, 18(53), 149-164.", https://doi.org/10.1177/014272379801805302,NA,
" Graham, S. A., Nilsen, E. S., Collins, S., & Olineck, K. (2010). The role of gaze direction and mutual exclusivity in guiding 24Ã¢â‚¬ÂêmonthÃ¢â‚¬Âêolds' word mappings.British Journal of Developmental Psychology, 28(2), 449-465.", https://doi.org/10.1348/026151009X424565,NA,
" Grassmann, S., & Tomasello, M. (2010). Young children follow pointing over words in interpreting acts of reference. Developmental Science, 13(1), 252-263.", https://doi.org/10.1111/j.1467-7687.2009.00871.x,NA,
" Halberda, J. (2003). The development of a word-learning strategy. Cognition,87(1), B23-B34.", https://doi.org/10.1016/S0010-0277(02)00186-5,NA,
" Halberda, J. (2006). Is this a dax which I see before me? Use of the logical argument disjunctive syllogism supports word-learning in children and adults.Cognitive psychology, 53(4), 310-344.", https://doi.org/10.1016/j.cogpsych.2006.04.003,NA,
" Horst, J. S., & Samuelson, L. K. (2008). Fast mapping but poor retention by 24-month-old infants. Infancy, 13(2), 128-157.", https://doi.org/10.1080/15250000701795598,NA,
" Lederberg, A. R., Prezbindowski, A. K., & Spencer, P. E. (2000). WordÃ¢â‚¬ÂêLearning Skills of Deaf Preschoolers: The Development of Novel Mapping and Rapid WordÃ¢â‚¬ÂêLearning Strategies. Child development, 71(6), 1571-1585.", https://doi.org/10.1111/1467-8624.00249,NA,
" Markman, E. M., & Wachtel, G. F. (1988). Children's use of mutual exclusivity to constrain the meanings of words. Cognitive psychology, 20(2), 121-157.", https://doi.org/10.1016/0010-0285(88)90017-5,NA,
" Markman, E. M., Wasow, J. L., & Hansen, M. B. (2003). Use of the mutual exclusivity assumption by young word learners. Cognitive psychology, 47(3), 241-275.", https://doi.org/10.1016/S0010-0285(03)00034-3,NA,
" Mather, E., & Plunkett, K. (2009). Learning words over time: The role of stimulus repetition in mutual exclusivity. Infancy, 14(1), 60-76.", https://doi.org/10.1080/15250000802569702,NA,
" Merriman, W. E., Bowman, L. L., & MacWhinney, B. (1989). The mutual exclusivity bias in children's word learning. Monographs of the society for research in child development, i-129.", https://doi.org/10.2307/1166130,NA,
" Merriman, W. E., & Schuster, J. M. (1991). Young children's disambiguation of object name reference. Child development, 62(6), 1288-1301.", https://doi.org/10.2307/1130807,NA,
" Merriman, W. E., Marazita, J., & Jarvis, L. H. (1993). Four-Year-OldsÃ¢â‚¬Â_ Disambiguation of Action and Object Word Reference. Journal of Experimental Child Psychology, 56(3), 412-430.", https://doi.org/10.1006/jecp.1993.1042,NA,
" Momen, N., & Merriman, W. E. (2002). Two-year-olds' expectation that lexical gaps will be filled*. First Language, 22(3), 225-247.", https://doi.org/10.1177/014272370202206601,NA,
" Spiegel, C., & Halberda, J. (2011). Rapid fast-mapping abilities in 2-year-olds.Journal of experimental child psychology, 109(1), 132-140.", https://doi.org/10.1016/j.jecp.2010.10.013,NA,
" White, K. S., & Morgan, J. L. (2008). Sub-segmental detail in early lexical representations. Journal of Memory and Language, 59(1), 114-132.", https://doi.org/10.1016/j.jml.2008.03.001,NA,
" Trehub, S. E. (1973). Infants Sensitivity to Vowel and Tonal Contrasts. Developmental Psychology, 9(1), 91-96.", https://doi.org/10.1037/h0034999,NA,
" Swoboda, P.J., Morse, P.A., & Leavitt, L.A. (1976). Continuous Vowel Discrimination in Normal and At Risk Infants. Child Development 47(2), 459-465.", https://doi.org/10.2307/1128802,NA,
" Kuhl, P.K., & Miller, J.D. (1982). Discrimination of auditory target dimensions in the presence or absence of variation in a second dimension by infants. Perception & Psychophysics 31(3), 279-292.", https://doi.org/10.3758/BF03202536,NA,
" Jusczyk, P. W., & Derrah, C. (1987). Representation of Speech Sounds by Young Infants. Developmental Psychology, 23(5), 648-654.", https://doi.org/10.1037/0012-1649.23.5.648,NA,
" Miller, J. L., & Eimas, P. D. (1979). Organization in infant speech perception. Canadian journal of psychology, 33(4), 353-367.", https://doi.org/10.1037/h0081732,NA,
" Cowan, N., Suomi, K. & Morse, P. A. (1982). Echoic storage in infant perception. Child Development, 53(4), 984-990.", https://doi.org/10.2307/1129138,NA,
" Mugitani, R., Pons, F., Fais, L., Dietrich, C., Werker, J. F., & Amano, S. (2009). Perception of vowel length by Japanese- and English-learning infants. Developmental psychology, 45(1), 236-247.", https://doi.org/10.1037/a0014043,NA,
" Phan, J., & Houston, D. M. (2008). Infant Dialect Discrimination. Research on spoken language processing Progress Report No. 29.", ,NA,
" Sato, Y., Sogabe, Y., & Mazuka, R. (2010). Discrimination of phonemic vowel length by Japanese infants. Developmental psychology, 46(1), 106-119.", https://doi.org/10.1037/a0016718,NA,
" Pons, F., Albareda-Castellot, B., & Sebastian-Galles, N. (2012). The Interplay Between Input and Initial Biases: Asymmetries in Vowel Perception During the First Year of Life. Child Development 83(3), 965-976.", https://doi.org/10.1111/j.1467-8624.2012.01740.x,NA,
" SebastiÃƒÂ¡n-GallÃƒÂ©s, N., & Bosch, L. (2009). Developmental shift in the discrimination of vowel contrasts in bilingual infants: is the distributional account all there is to it? Developmental science, 12(6), 874Ã¢â‚¬""887.", ,NA,
" Bosch, L., & Sebastian-Galles, N. (2003). Simultaneous Bilingualism and the Perception of a Language-Specific Vowel Contrast in the First Year of Life. Language and Speech 46(2-3), 217-243.", https://doi.org/10.1177/00238309030460020801,NA,
" Marean, G., Werner, L., & Kuhl, P. (1992). Vowel categorization by very young infants. Developmental Psychology, 28(3), 396-405.", https://doi.org/10.1037/0012-1649.28.3.396,NA,
" Polka, Linda, & Bohn, O.-S. (2011). Natural Referent Vowel (NRV) framework: An emerging view of early phonetic development. Journal of Phonetics, 39(4), 467Ã¢â‚¬""478.", https://doi.org/10.1016/j.wocn.2010.08.007,NA,
" Bohn, O. S., & Polka, L. (2001). Target spectral, dynamic spectral, and duration cues in infant perception of German vowels. The Journal of the Acoustical Society of America, 110(1), 504Ã¢â‚¬""515.", https://doi.org/10.1121/1.1380415,NA,
" Kuhl, P K. (1979). Speech perception in early infancy: perceptual constancy for spectrally dissimilar vowel categories. The Journal of the Acoustical Society of America, 66(6), 1668Ã¢â‚¬""1679.", https://doi.org/10.1121/1.383639,NA,
" Trainor, L. J., & Desjardins, R. N. (2002). Pitch characteristics of infant-directed speech affect infantsÃ¢â‚¬â„¢ ability to discriminate vowels. Psychonomic Bulletin & Review, 9(2), 335Ã¢â‚¬""340.", https://doi.org/10.3758/BF03196290,NA,
" Polka, L, & Bohn, O. (1996). A crossÃ¢â‚¬Âêlanguage comparison of vowel perception in EnglishÃ¢â‚¬Âêlearning and GermanÃ¢â‚¬Âêlearning infants. The Journal of the Acoustical Society of America, 100(1), 577-592.", https://doi.org/10.1121/1.415884,NA,
" Albareda-Castellot, B., Pons, F., & SebastiÃƒÂ¡n-GallÃƒÂ©s, N. (2011). The acquisition of phonetic categories in bilingual infants: new data from an anticipatory eye movement paradigm. Developmental Science, 14(2), 395-401.", https://doi.org/10.1111/j.1467-7687.2010.00989.x,NA,
" Benders, T. (submitted). Learning phonemes from multiple auditory cues: Dutch infants' language input and perception.", ,NA,
" Minagawa-Kawai, Y., Mori, K., Naoi, N., & Koijima, S. (2007). Neural Attunement Processes in Infants during the Acquisition of a Language-Specific Phonemic Contrast. The Journal of Neuroscience, 27(2), 315Ã¢â‚¬""321.", https://doi.org/10.1523/JNEUROSCI.1984-06.2007,NA,
" Sato, Y., Mori, K., Furuya, I., Hayashi, R., Minagawa-Kawai, Y., & Koizumi, T. (2003). Developmental changes in cerebral lateralization to spoken language in infants: measured by near-infrared spectroscopy. Jpn J Logoped Phoniatr, 44,165Ã¢â‚¬""171.", https://doi.org/10.5112/jjlp.44.165,NA,
" Minagawa-Kawai, Y., Naoi, N., Nishijima, N., Kojima, S., & Dupoux, E. (2007). Developmental Changes in Cerebral Responses to Native and Non-Native Vowels: A NIRS Study]. Proceedings of the International Conference of Phonetic Sciences XVI.", ,NA,
" Cheour, M., Alho, K., Ceponiene, R., Reinikainen, K., Sainio, K., Pohjavuori, M., Aaltonen, O., & Naatanen, R. (1998). Maturation of mismatch negativity in infants. International Journal of Psychophysiology 29, 217-226.", https://doi.org/10.1016/S0167-8760(98)00017-8,NA,
" Jansson-Verkalo, E., Ruusuvirta, T., Huotilainen, M., Alku, P., Kushnerenko, E., Suominen, K., Rytky, S., Luotonen, M., Kaukola, T., Tolonen, U., Hallman, M., (2010). Atypical perceptual narrowing in prematurely born infants is associated with compromised language acquisition at 2 years of age. BMC Neuroscience, 11-88.", ,NA,
" Liu, L. & Kager, R. (2016). Perception of a native vowel contrast by Dutch monolingual and bilingual infants: A bilingual perceptual lead. International Journal of Bilingualismk, 20 (3), 335-345.", https://doi.org/10.1177/1367006914566082,NA,
" Sundara, M., & Scutellaro, A. (2011). Rhythmic distance between languages affects the development of speech perception in bilingual infants. Journal of Phonetics 39(4), 505-513", https://doi.org/10.1016/j.wocn.2010.08.006,NA,
" Tsuji, S., Fikkert, P., Minagawa, Y., Dupoux, E., Filippin, L., Versteegh, M., Hagoort, P., & Cristia, A. (submiited). The more, the better? Behavioral and neural correlates of frequent and infrequent vowel exposure. Manuscript submitted for publication.", ,NA,
" Versteegh, M., Tsuji, S., Fikkert, P., & Cristia, A. (2015, July 30). Adjudicating between auditory models using individual variation in infant vowel discrimination. Retrieved from osf.io/94xzr.", ,NA,
" Gogate, L. J. & Bahrick, L. E. (1998). Intersensory redundancy facilitates learning of arbitrary relations between vowel sounds and objects in 7-month-old infants. Journal of Experimental Child Psychology, 69 (2), 133-149.", https://doi.org/10.1006/jecp.1998.2438,NA,
" Gogate, L. J. & Bahrick, L. E. (2001). Intersensory redundancy and 7-month-old infantsÃ¢â‚¬â„¢ memory for syllable-object relations. Infancy, 2 (2), 219-231.", https://doi.org/10.1207/S15327078IN0202_7,NA,
" Trehub, S. E. (1976).The Discrimination of Foreign Speech Contrasts by Infants and Adults. Child Development 47(2), 466-472.", https://doi.org/10.2307/1128803,NA,
" Tsao, F.-M., Liu, H.-M., & Kuhl, P. K. (2004). Speech perception in infancy predicts language development in the second year of life: A longitudinal study. Child Development, 75(4), 1067Ã¢â‚¬""1084. Retrieved from http://cat.inist.fr/?aModele=afficheN&cpsidt=16017499", https://doi.org/10.1111/j.1467-8624.2004.00726.x,NA,
" Cardillo, G.C. (2010). Predicting the predictors: Individual differences in longitudinal relationships between infant phonetic perception, toddler vocabulary, and preschooler language and phonological awareness. Ph.D. thesis, University of Washington.", ,NA,
" Eilers, R. E., Bull, D. H., Oller, D. K., & Lewis, D. C. (1984). The discrimination of vowel duration by infants. The Journal of the Acoustical Society of America, 75(4), 1213Ã¢â‚¬""1218.", https://doi.org/10.1121/1.390773,NA,
" Mazuka, R., Hasegawa, M., & Tsuji, S. (2013). Development of non-native vowel discrimination: Improvement without exposure. Developmental Psychobiology, 56(2), 192-209.", https://doi.org/10.1002/dev.21193,NA,
" Grieser, D., & Kuhl, P. K. (1989). Categorization of Speech by Infants: Support for Speech-Sound Prototypes. Developmental Psychology, 25(4), 577Ã¢â‚¬""588.", https://doi.org/10.1037/0012-1649.25.4.577,NA,
" Bates, E., Benigni, L., Bretherton, I., Camaioni, L., & Volterra, V. (1979). The emergence of symbols: Cognition and communication in infancy. New York: Academic Press.", ,NA,
" Dobrich, W., & Scarborough, S. (1984). Form and function in early communication: Language and pointing gestures. Journal of Experimental Child Psychology, 38, 475Ã¢â‚¬""490.", https://doi.org/10.1016/0022-0965(84)90090-0,NA,
" Fasolo, M., & DÃ¢â‚¬â„¢Odorico, L. (2002). Comunicazione gestuale nei bambini con sviluppo del linguaggio rallentato: una ricerca longitudinale. Psicologia Clinica dello Sviluppo, 1, 119Ã¢â‚¬""138.", ,NA,
" Franco, F., & Gagliano, A. (2001). ToddlersÃ¢â‚¬â„¢ pointing when joint attention is obstructed. First Language, 21, 289Ã¢â‚¬""321.", https://doi.org/10.1177/014272370102106305,NA,
" Harris, M., Barlow-Brown, F., & Chasin, J. (1995). The emergence of referential understanding: Pointing and the comprehension of object names. First Language, 15, 19Ã¢â‚¬""34", https://doi.org/10.1177/014272379501500101,NA,
" Morales, M., Mundy, P., Delgado, C. E. F., Yale, M., Messinger, D., Neal, R., et al (2000). Responding to joint attention across the 6- through 24-month age period and early language acquisition. Journal of Applied Developmental Psychology, 21, 283Ã¢â‚¬""298.", https://doi.org/10.1016/S0193-3973(99)00040-4,NA,
" Mundy, P., & Gomes, A. (1998). Individual differences in joint attention skill development in the second year. Infant Behavior and Development, 21, 469Ã¢â‚¬""482", https://doi.org/10.1016/s0163-6383(98)90020-0,NA,
" Murphy, C. M. (1978). Pointing in the context of a shared activity. Child Development, 49, 371Ã¢â‚¬""380", https://doi.org/10.2307/1128700,NA,
" Rodrigo, M. J., GonzÃƒÂ¡lez, A., Ato, M., RodrÃƒÂ_guez, G., De Vega, M., & MuÃƒÂ±etÃƒÂ_n, M. (2006). Co-development of childÃ¢â‚¬""mother gestures over the second and third years. Infant and Child Development, 15, 1Ã¢â‚¬""17.", https://doi.org/10.1002/icd.412,NA,
" Rowe, M. L. (2000). Pointing and talk by low-income mothers and their 14-month-old children. First Language, 20, 305Ã¢â‚¬""330", https://doi.org/10.1177/014272370002006005,NA,
" Rowe, M. L., & Goldin-Meadow, S. (2008). Differences in early gesture explain SES disparities in child vocabulary size at school entry. Science, 323, 951Ã¢â‚¬""953. Aureli, T., Perucchini, P., Palazzo, A. (2008). The development of pointing from 9 to 15 months of age in imperative and declarative contexts: relationships with actions and language. In: Poster presented at the XVIth biennial international conference on infant studies, Vancouver, Canada, 27Ã¢â‚¬""29 March. Colonnesi, C., Rieffe, C., Koops, W., & Perucchini, P. (2008). Precursors of theory of mind. A longitudinal study. British Journal of Developmental Psychology, 26, 561Ã¢â‚¬""577. Delgado, C. E. F., Mundy, P., Crowson, M., Markus, J., Yale, M., & Schwartz, H. K. (2002). Responding to joint attention and language development: A comparison of target locations. Journal of Speech, Language, and Hearing Research, 45, 1715Ã¢â‚¬""1719.", ,NA,
" Blake, J., Osborne, P., Cabral, M., & Gluck, P. (2003). The development of communicative gestures in Japanese infants. First Language, 23, 3Ã¢â‚¬""20.", https://doi.org/10.1177/0142723703023001001,NA,
" Brooks, R., & Meltzoff, A. N. (2008). Infant gaze following and pointing predict accelerated vocabulary growth through two years of age: A longitudinal, growth curve modeling study. Journal of Child Language, 35, 207Ã¢â‚¬""220.", https://doi.org/10.1017/S030500090700829X,NA,
" Butterworth, G. E., & Morissette, P. (1996). Onset of pointing and the acquisition of language in infancy. Journal of Reproductive and Infant Psychology, 14, 219Ã¢â‚¬""231.", https://doi.org/10.1080/02646839608404519,NA,
" Camaioni, L., Caselli, M. C., Longobardi, E., & Volterra, V. (1991). A parent report instrument for early language assessment. First Language, 11, 345Ã¢â‚¬""359.", https://doi.org/10.1177/014272379101103303,NA,
" Carpenter, M., Nagell, K., & Tomasello, M. (1998). Social cognition, joint attention and communicative competence from 9 to 15 months of age. Monographs of the Society for Research in Child Development, 63, 1Ã¢â‚¬""176.", https://doi.org/10.2307/1166214,NA,
" Desrochers, S., Morissette, P., & Ricard, M. (1995). Two perspectives on pointing in infancy. In P. J. Dunham & C. Moore (Eds.), Joint attention: ItÃ¢â‚¬â„¢s origins and role in development (pp. 85Ã¢â‚¬""101). Hillsdale, NJ: Lawrence Erlbaum Associates.", ,NA,
" Markus, J., Mundy, P., Morales, M. M., Delgado, C. E. F., & Yale, M. (2000). Individual difference in infant skill as predictors of childÃ¢â‚¬""caregiver joint attention and language. Social Development, 9, 302Ã¢â‚¬""315.", https://doi.org/10.1111/1467-9507.00127,NA,
" Mundy, P., Fox, N. A., & Card, J. (2003). EEG coherence, joint attention and language development in the second year. Developmental Science, 6, 48Ã¢â‚¬""54.", https://doi.org/10.1111/1467-7687.00253,NA,
" Perucchini, P., Plescia, F. (2005). Profiles in declarative/imperative pointing and early language acquisition. Research presented at IASCL in Berlin.", ,NA,
" Maurer, D., Pathman, T., & Mondloch, C. J. (2006). The shape of boubas: sound-shape correspondences in toddlers and adults. Developmental Science, 9(3), 316-322. doi: 10.1111/j.1467-7687.2006.00495.x", https://doi.org/10.1111/j.1467-7687.2006.00495.x,NA,
" Ozturk, O., Krehm, M.,& Vouloumanos, A. (2013). Sound symbolism in infancy:Evidence for Sound-Shape cross-modal correspondences in 4-month-olds. Journal of Experimental Child Psychology, 114, 173-186. doi: 10.1016/j.jecp.2012.05.004", https://doi.org/10.1016/j.jecp.2012.05.004,NA,
" Spector, F., & Maurer, D. (2013) Early sound symbolism for vowel sounds. I-perception, 4, 239-241. doi: dx.doi.org/10.1068/i0535", https://doi.org/10.1068/i0535,NA,
" Fort, M., Weiss, A., Martin, A., & Peperkamp, S. (2013). Looking for the bouba-kiki effect in prelexical infants. In: S. Ouni, F. Berthommier & A. Jesse (eds.) Proceedings of the 12th International Conference on Auditory-Visual Speech Processing. INRIA, 71-76. [show abstract]", ,NA,
" Fort, M., Guevara-Rukoz, A., & Peperkamp, S. (2015). Looking for the bouba-kiki effect II: null results from 4-month-old French infants", ,NA,
" Asano, M., Imai, M., Kita, S., Kitajo, K. Okada, H., & Thierry, G. (2015). Sound symbolism scaffolds language development in preverbal infants. Cortex 63. 196-205. doi: http://dx.doi.org/10.1016/j.cortex.2014.08.025", https://doi.org/10.1016/j.cortex.2014.08.025,NA,
" Lammertink, I., Tsuji, S., Usen, van, K., & Fikkert, P. (unpublished). Sensitivity to the Bouba-kiki effect arises late in Dutch children: evidence from eye-tracking.", ,NA,
" Imai, M., Miyazaki, M., Yeung, H. H., Hidaka, S., Kantartzis, K., Okada, H., & Kita, S. (2015). Sound Symbolism Facilitates Word Learning in 14-Month-Olds. PLoS One, 10(2): 30116494. doi: 10.1371/journal.pone.0116494", https://doi.org/10.1371/journal.pone.0116494,NA,
" Starr, A., & Brennon, E.M. (2012). Sound-shape congruency in preverbal infants. Poster presented at biennial meeting of the International Society for Infant studies. Minneapolis, MN.", ,NA,
" Pejovic, J., Molnar, M., Yee, E. & Martin, M. (June 10-12, 2015). Development of the sound-shape correspondence effect. Poster presented at Workshop on Infant Language Development (WILD 2015), Stockholm, Sweden.", ,NA,
" Spector, F. (2009). The colours and shapes of the world: Testing predictions from synesthesia about the development of sensory associations (Unpublished doctoral dissertation). McMaster University, Hamilton, Ontario.", ,NA,
" Fernald, A., Perfors, A., & Marchman, V. A. (2006). Picking up speed in understanding: Speech processing efficiency and vocabulary growth across the 2nd year._Developmental psychology,_42(1), 98.", https://doi.org/10.1037/0012-1649.42.1.98,NA,
" Fernald, A. & Marchman, V. A. (2012). Individual differences in lexical processing at 18 months predict vocabulary growth in typically-developing and late-talking toddlers._Child Development, 83, 203-222.", https://doi.org/10.1111/j.1467-8624.2011.01692.x,NA,
" Fernald, A., Marchman, V. A., & Weisleder, A. (2013). SES differences in language processing skill and vocabulary are evident at 18 months.Developmental science,_16(2), 234-248.", https://doi.org/10.1111/desc.12019,NA,
" Fernald, A., & Hurtado, N. (2006). Names in frames: infants interpret words in sentence frames faster than words in isolation._Developmental Science,_9(3), F33_F40. http://doi.org/10.1111/j.1467-7687.2006.00482.x", https://doi.org/10.1111/j.1467-7687.2006.00482.x,NA,
" Hurtado, N., Marchman, V. A., & Fernald, A. (2007). Spoken word recognition by Latino children learning Spanish as their first language.Journal of Child Language,_34(02), 227-249.", https://doi.org/10.1017/S0305000906007896,NA,
" Zangl, R., Klarman, L., Thal, D., Fernald, A., & Bates, E. (2005). Dynamics of word comprehension in infancy: Developments in timing, accuracy, and resistance to acoustic degradation._Journal of Cognition and Development,6(2), 179-208.", https://doi.org/10.1207/s15327647jcd0602_2,NA,
" Jusczyk, P.W. & Aslin, R.N. (1995). InfantsÃ¢â‚¬Â_ detection of the sound patterns of words in fluent speech. Cognitive Psychology, 29(1), 1-23. DOI: 10.1006/cogp.1995.1010", https://doi.org/10.1006/cogp.1995.1010,NA,
" Newman, R.S. & Jusczyk, P.W. (1996). The cocktail party effect in infants. Perception & Psychophysics, 58(8), 1145-1156. DOI: 10.3758/BF03207548", https://doi.org/10.3758/BF03207548,NA,
" Tincoff, R., & Jusczyk, P. W. (1996, July). Are word-final sounds perceptually salient for infants. In Poster presented at the Fifth Conf. on Laboratory Phonology, Evanston, IL, USA.", ,NA,
" Kuijpers, C.T.L., Coolen, R., Houston, D.M., & Cutler, A. (1998). Using the head-turning technique to explore cross-linguistic performance differences. In: C. Rovee-Collier L. Lipsitt H. Hayne (Eds.), Advances in Infancy Research, Vol. 12, 205-220", ,NA,
" Jusczyk, P.W., Houston, D.M., & Newsome, M. (1999). The beginnings of word segmentation in English-learning infants. Cognitive Psychology, 39(3), 159-207. DOI: 10.1006/cogp.1999.0716", https://doi.org/10.1006/cogp.1999.0716,NA,
" Houston, D.M. & Jusczyk, P.W. (2000).The role of talker-specific information in word segmentation by infants. Journal of Experimental Psychology: Human Perception and Performance, 26(5), 1570-1582. DOI: 10.1037/0096-1523.26.5.1570", https://doi.org/10.1037/0096-1523.26.5.1570,NA,
" Houston, D.M., Jusczyk, P.W., Kuijpers, C., Coolen, R., & Cutler, A. (2000). Cross-language word segmentation by 9-month-olds. Psychonomic Bulletin & Review, 7(3), 504-509. DOI: 10.3758/BF03214363", https://doi.org/10.3758/BF03214363,NA,
" Houston, D.M., Santelmann, L., & Jusczyk, P.W. (2004). English-learning infantsÃ¢â‚¬â„¢ segmentation of trisyllabic words from fluent speech. Language and Cognitive Processes, 19(1), 97-136. DOI: 10.1080/01690960344000143", https://doi.org/10.1080/01690960344000143,NA,
" Mattys, S.L. & Jusczyk, P.W. (2001). Do infants segment words or recurring contiguous patterns?. Journal of Experimental Psychology: Human Perception and Performance, 27(3), 644. DOI: 10.1037/0096-1523.27.3.644", https://doi.org/10.1037/0096-1523.27.3.644,NA,
" Mattys, S.L. & Jusczyk, P.W. (2001b). Phonotactic cues for segmentation of fluent speech by infants. Cognition, 78(2), 91-121. DOI: 10.1016/S0010-0277(00)00109-8", https://doi.org/10.1016/S0010-0277(00)00109-8,NA,
" HÃƒÂ¶hle, B. & Weissenborn, J. (2003). GermanÃ¢â‚¬Âêlearning infantsÃ¢â‚¬â„¢ ability to detect unstressed closedÃ¢â‚¬Âêclass elements in continuous speech. Developmental Science, 6(2), 122-127. DOI: 10.1111/1467-7687.00261", https://doi.org/10.1111/1467-7687.00261,NA,
" Houston, D.M. & Jusczyk, P.W. (2003). Infants' long-term memory for the sound patterns of words and voices. Journal of Experimental Psychology: Human Perception and Performance, 29(6), 1143-1154. DOI: 10.1037/0096-1523.29.6.1143", https://doi.org/10.1037/0096-1523.29.6.1143,NA,
" Johnson, E.K., Jusczyk, P.W., Cutler, A., & Norris, D. (2003). Lexical viability constraints on speech segmentation by infants. Cognitive Psychology, 46(1), 65-97. DOI: 10.1016/S0010-0285(02)00507-8", https://doi.org/10.1016/S0010-0285(02)00507-8,NA,
" Newman, R., Tsay, J., & Jusczyk, P. (2003). The development of speech segmentation abilities. In: D. Houston, A. Seidl, G. Hollich, E. Johnson, & A. Jusczyk (Eds.), Jusczyk Lab Final Report. Retrieved from: http://hincapie.psych.purdue.edu/Jusczyk", ,NA,
" Tsay, J. & Jusczyk, P.W. (2003). Detection of words in fluent Chinese by English-acquiring and Chinese-acquiring infants. In: D. Houston, A. Seidl, G. Hollich, E. Johnson, & A. Jusczyk (Eds.), Jusczyk Lab Final Report. Retrieved from: http://hincapie.psych.purdue.edu/Jusczyk", ,NA,
" Barker, B.A. & Newman, R.S. (2004). Listen to your mother! The role of talker familiarity in infant streaming. Cognition 94: B45-53. DOI:10.1016/j.cognition.2004.06.001", https://doi.org/10.1016/j.cognition.2004.06.001,NA,
" Gout, A., Christophe, A., & Morgan, J.L. (2004). Phonological phrase boundaries constrain lexical access II: Infant data. Journal of Memory and Language, 51(4), 548-567. DOI: 10.1016/j.jml.2004.07.002", https://doi.org/10.1016/j.jml.2004.07.002,NA,
" Singh, L., Morgan, J.L., & White, K.S. (2004). Preference and processing: The role of speech affect in early spoken word recognition. Journal of Memory and Language, 51(2), 173-189. DOI: 10.1016/j.jml.2004.04.004", https://doi.org/10.1016/j.jml.2004.04.004,NA,
" Bortfeld, H., Morgan, J.L., Golinkoff, R.M., & Rathbun, K. (2005). Mommy and me familiar names help launch babies into speech-stream segmentation. Psychological Science, 16(4), 298-304. DOI: 10.1111/j.0956-7976.2005.01531.x", https://doi.org/10.1111/j.0956-7976.2005.01531.x,NA,
" Hollich, G., Newman, R.S., & Jusczyk, P.W. (2005). Infants' use of synchronized visual information to separate streams of speech. Child Development, 76(3), 598-613. DOI: 10.1111/j.1467-8624.2005.00866.x", https://doi.org/10.1111/j.1467-8624.2005.00866.x,NA,
" Johnson, E.K. (2005). English-Learning Infants' Representations of Word Forms With Iambic Stress. Infancy, 7(1), 99-109. DOI: 10.1207/s15327078in0701_8", https://doi.org/10.1207/s15327078in0701_8,NA,
" Nazzi, T., Dilley, L.C., Jusczyk, A.M., Shattuck-Hufnagel, S., & Jusczyk, P.W. (2005). English-learning infants' segmentation of verbs from fluent speech. Language and Speech, 48(3), 279-298. DOI: 10.1177/00238309050480030201", https://doi.org/10.1177/00238309050480030201,NA,
" Nazzi, T., Iakimova, G., Bertoncini, J., FrÃƒÂ©donie, S., & Alcantara, C. (2006). Early segmentation of fluent speech by infants acquiring French: Emerging evidence for crosslinguistic differences. Journal of Memory and Language, 54(3), 283-299. DOI: 10.1016/j.jml.2005.10.004", https://doi.org/10.1016/j.jml.2005.10.004,NA,
" Seidl, A., & Johnson, E. K. (2006). Infant word segmentation revisited: Edge alignment facilitates target extraction. Developmental Science, 9(6), 565-573.", https://doi.org/10.1111/j.1467-7687.2006.00534.x,NA,
" Shi, R., Cutler, A., Werker, J., & Cruickshank, M. (2006). Frequency and form as determinants of functor sensitivity in English-acquiring infants. The Journal of the Acoustical Society of America, 119(6), EL61-EL67. DOI: 10.1121/1.2198947", https://doi.org/10.1121/1.2198947,NA,
" Shi, R., Marquis, A., & Gauthier, B. (2006). Segmentation and representation of function words in preverbal French-learning infants. In D. Bamman, T. Magnitskaia & C. Zaller (Eds.), Proceedings of the 30th annual Boston University Conference on Language Development. Sommerville, MA, Cascadilla Press, 549-560.", ,NA,
" Shi, R. (2007). Infants' recognition of function words in continuous speech. In: Proceedings of the 17th International Congress of Phonetic Sciences, 1541-1544.", ,NA,
" Johnson, E.K. (2008). Infants use prosodically conditioned acoustic-phonetic cues to extract words from speech. The Journal of the Acoustical Society of America, 123(6), EL144-EL148. DOI: 10.1121/1.2908407", https://doi.org/10.1121/1.2908407,NA,
" Marquis, A. & Shi, R. (2008). Segmentation of verb forms in preverbal infants. The Journal of the Acoustical Society of America, 123(4), EL105-EL110. DOI: 10.1121/1.2884082", https://doi.org/10.1121/1.2884082,NA,
" Seidl, A. & Johnson, E.K. (2008). Boundary alignment enables 11-month-olds to segment vowel initial words from speech. Journal of Child Language, 35(01), 1-24. DOI: 10.1017/S0305000907008215", https://doi.org/10.1017/S0305000907008215,NA,
" Shi, R. & Lepage, M. (2008). The effect of functional morphemes on word segmentation in preverbal infants. Developmental Science, 11(3), 407-413. DOI: 10.1111/j.1467-7687.2008.00685.x", https://doi.org/10.1111/j.1467-7687.2008.00685.x,NA,
" Singh, L. (2008). Influences of high and low variability on infant word recognition. Cognition, 106(2), 833-870. DOI: 10.1016/j.cognition.2007.05.002", https://doi.org/10.1016/j.cognition.2007.05.002,NA,
" Singh, L., Nestor, S.S., & Bortfeld, H. (2008). Overcoming the effects of variation in infant speech segmentation: Influences of word familiarity. Infancy, 13(1), 57-74. DOI: 10.1080/15250000701779386", https://doi.org/10.1080/15250000701779386,NA,
" Singh, L., White, K.S., & Morgan, J.L. (2008). Building a word-form lexicon in the face of variable input: Influences of pitch and amplitude on early spoken word recognition. Language Learning and Development, 4(2), 157-178. DOI: 10.1080/15475440801922131", https://doi.org/10.1080/15475440801922131,NA,
" Bartels, S., Darcy, I., & HÃƒÂ¶hle, B. (2009). Schwa Syllables Facilitate Word Segmentation for 9-month-old German-learning Infants. In: Chanderlee, J. et al. (Eds.), Proceedings of the 33rd Boston University Conference on Language Development. Cascadilla Press, Somerville, MA, pp. 73-84.", ,NA,
" Marquis, A. & Shi, R. (2009). The recognition of verb roots and bound morphemes when vowel alternations are at play. In J. Chandlee, M. Franchini, S. Lord, & M. Rheiner (Eds.), A supplement to the Proceedings of the 33rd Boston University Conference on Language Development.", ,NA,
" Pelucchi, B., Hay, J. F., & Saffran, J. R. (2009). Statistical Learning in a Natural Language by 8Ã¢â‚¬ÂêMonthÃ¢â‚¬ÂêOld Infants. Child development, 80(3), 674-685.", https://doi.org/10.1111/j.1467-8624.2009.01290.x,NA,
" Pelucchi, B., Hay, J. F., & Saffran, J. R. (2009). Learning in reverse: Eight-month-old infants track backward transitional probabilities. Cognition, 113(2), 244-247.", https://doi.org/10.1016/j.cognition.2009.07.011,NA,
" Schmale, R. & Seidl, A. (2009). Accommodating variability in voice and foreign accent: flexibility of early word representations. Developmental Science, 12(4), 583-601.DOI: 10.1111/j.1467-7687.2009.00809.x", https://doi.org/10.1111/j.1467-7687.2009.00809.x,NA,
" Singh, L., Nestor, S., Parikh, C., & Yull, A. (2009). Influences of infant-directed speech on early word recognition. Infancy, 14(6), 654-666. DOI: 10.1080/15250000903263973", https://doi.org/10.1080/15250000903263973,NA,
" Willits, J.A., Seidenberg, M.S., & Saffran, J.R. (2009). Verbs are lookING good in early language acquisition. In: N. Taatgen, H. van Rijn, L. Schomaker, & J. Nerbonne (Eds.), Proceedings of the 31st Annual Conference of the Cognitive Science Society. Austin, TX: Cognitive Science Society. 2570-2575.", ,NA,
" Schmale, R., Cristia, A., Seidl, A., & Johnson, E. K. (2010). Developmental changes in infantsÃ¢â‚¬â„¢ ability to cope with dialect variation in word recognition. Infancy, 15(6), 650-662. DOI: 10.1111/j.1532-7078.2010.00032.x", https://doi.org/10.1111/j.1532-7078.2010.00032.x,NA,
" Babineau, M. & Shi, R. (2011). Processing of French Liaisons in Toddlers. In: Davis, N., Mesh, K., Sung, H. (Eds.), Proceedings of the 35th Boston University Conference on Language Development. Cascadilla Press, Somerville, MA, pp. 25-37.", ,NA,
" LewÃ¢â‚¬ÂêWilliams, C., Pelucchi, B., & Saffran, J. R. (2011). Isolated words enhance statistical language learning in infancy. Developmental Science, 14(6), 1323-1329.", https://doi.org/10.1111/j.1467-7687.2011.01079.x,NA,
" Mason-Apps, E., Stojanovik, V., & Houston-Price, C. (2011). Early Word Segmentation in Typically Developing Infants and Infants with Down Syndrome: A Preliminary Study. In: Proceedings of the 17th International Congress of Phonetic Sciences, 1334-1337", ,NA,
" Polka, L. & Sundara, M. (2012). Word Segmentation in Monolingual Infants Acquiring Canadian English and Canadian French: Native Language, Cross-Dialect, and Cross-Language Comparisons. Infancy, 17(2), 198-232. DOI: 10.1111/j.1532-7078.2011.00075.x", https://doi.org/10.1111/j.1532-7078.2011.00075.x,NA,
" Marquis, A. & Shi, R. (2012). Initial morphological learning in preverbal infants. Cognition, 122(1), 61-66. DOI: 10.1016/j.cognition.2011.07.004", https://doi.org/10.1016/j.cognition.2011.07.004,NA,
" Singh, L. & Foong, J. (2012). Influences of lexical tone and pitch on word recognition in bilingual infants. Cognition, 124(2), 128-142. DOI: 10.1016/j.cognition.2012.05.008", https://doi.org/10.1016/j.cognition.2012.05.008,NA,
" Singh, L., Reznick, J.S., & Xuehua, L. (2012). Infant word segmentation and childhood vocabulary development: a longitudinal analysis. Developmental Science, 15(4), 482-495. DOI: 10.1111/j.1467-7687.2012.01141.x", https://doi.org/10.1111/j.1467-7687.2012.01141.x,NA,
" van Heugten, M. & Johnson, E.K. (2012). Infants exposed to fluent natural speech succeed at cross-gender word recognition. Journal of Speech, Language, and Hearing Research, 55(2), 554-560. DOI: 10.1044/1092-4388(2011/10-0347)", https://doi.org/10.1044/1092-4388(2011/10-0347),NA,
" Kim, Y.U. (2012) Segmentation of vowel-initial words is facilitated by function words. Master Thesis, UCLA.", ,NA,
" Altvater-Mackensen, N. & Mani, N. (2013). Word-form familiarity bootstraps infant speech segmentation. Developmental Science, 16(6): 980-990. DOI: 10.1111/desc.12071", https://doi.org/10.1111/desc.12071,NA,
" Bosch, L., Figueras, M., TeixidÃƒÂ_, M., & Ramon-Casas, M. (2013). Rapid gains in segmenting fluent speech when words match the rhythmic unit: evidence from infants acquiring syllable-timed languages. Frontiers in Psychology, 4:106. DOI: 10.3389/fpsyg.2013.00106", https://doi.org/10.3389/fpsyg.2013.00106,NA,
" Gonzalez-Gomez, N. & Nazzi, T. (2013). Effects of prior phonotactic knowledge on infant word segmentation: The case of nonadjacent dependencies. Journal of Speech, Language, and Hearing Research, 56(3), 840-849. DOI: 0.1044/1092-4388(2012/12-0138)", https://doi.org/10.1044/1092-4388(2012/12-0138),NA,
" Nazzi, T., Mersad, K., Sundara, M., Iakimova, G., & Polka, L. (2014). Early word segmentation in infants acquiring Parisian French: task-dependent and dialect-specific aspects. Journal of Child Language, 41(3), 600-633. DOI: 10.1017/S0305000913000111", https://doi.org/10.1017/S0305000913000111,NA,
" Goyet, L., Nishibayashi, L. L., & Nazzi, T. (2013). Early syllabic segmentation of fluent speech by infants acquiring French. PloS one, 8(11), e79646.", https://doi.org/10.1371/journal.pone.0079646,NA,
" Babineau, M., & Shi, R. (2014). Distributional cues and the onset bias in early word segmentation. Developmental Psychology, 50(12), 2666.", https://doi.org/10.1037/a0038105,NA,
" Johnson, E. K., Seidl, A., & Tyler, M. D. (2014). The edge factor in early word segmentation: utterance-level prosody enables word form extraction by 6-month-olds. PloS one, 9(1), e83546.", https://doi.org/10.1371/journal.pone.0083546,NA,
" Nishibayashi, L. L., Goyet, L., & Nazzi, T. (2014). Early speech segmentation in French-learning infants: Monosyllabic words versus embedded syllables. Language and speech, 0023830914551375.", ,NA,
" Porto, L. (2015). Using the Headturn Preference Procedure to Assess Word Segmentation Skills in Dutch Infants. Unpublished Masterthesis. Retrieved via http://theses-test.ubn.ru.nl/handle/123456789/653", ,NA,
" Zahner, K., SchÃƒÂ¶nhuber, M., & Braun, B. (2015). The limits of metrical segmentation: intonation modulates infants' extraction of embedded trochees. Journal of child language, 1-27.", ,NA,
" Haryu, E., & Kajikawa, S. (2016). Use of bound morphemes (noun particles) in word segmentation by Japanese-learning infants. Journal of Memory and Language, 88, 18-27.", https://doi.org/10.1016/j.jml.2015.11.007,NA,
" Floccia, C., Keren-Portnoy, T., DePaolis, R., Duffy, H., Delle Luche, C., Durrant, S., White, L., Goslin, J., & Vihman, M. (2016). British English infants segment words only with exaggerated infant-directed speech stimuli. Cognition, 148, 1-9.", https://doi.org/10.1016/j.cognition.2015.12.004,NA,
" Schreiner, M. S., AltvaterÃ¢â‚¬ÂêMackensen, N., & Mani, N. (2016). Early Word Segmentation in Naturalistic Environments: Limited Effects of Speech Register. Infancy.", https://doi.org/10.1111/infa.12133,NA,
" Wang, Y., Llanos, F., & Seidl, A. (2016). Infants use context to normalize speaking rate. 2016 International Conference on Infant Studies (ICIS) Biennial Meeting, New Orleans, LA.", ,NA,
" Nivedita Mani & Wiebke PÃƒÂ_tzold (2016): Sixteen-month-old infantsÃ¢â‚¬â„¢ segment words from infant- and adult-directed speech, Language Learning and Development, DOI: 10.1080/15475441.2016.1171717", https://doi.org/10.1080/15475441.2016.1171717,NA,